area,areasize,areatype,Bedrooms,price
Mallampet,1064.0,carpet area,2,50.5
Pragathi Nagar,1155.0,carpet area,2,70.0
,1000.0,carpet area,2,40.0
Bandam Kommu,1000.0,carpet area,2,40.0
Narsingi,1800.0,super area,3,120.0
Chintal,1150.0,carpet area,2,40.0
Ghatkesar,1100.0,super area,2,50.0
Patelguda,1750.0,super area,3,120.0
Deepthisri Nagar,880.0,carpet area,2,65.0
Gowlidoddy,970.0,carpet area,2,80.0
Kardhanur,1182.0,carpet area,2,33.0
Attapur,893.0,carpet area,2,75.0
Annojiguda,1897.0,super area,3,70.0
King Koti,624.0,carpet area,2,40.0
Hafeezpet,993.0,super area,2,72.0
Old Alwal,1060.0,super area,2,60.0
Kailash Hills,1170.0,super area,2,60.0
Adibatla,1130.0,carpet area,2,65.0
Medipally,1050.0,carpet area,2,50.0
Hafeezpet,1271.0,super area,2,98.0
Ghatkesar,1150.0,super area,2,35.6
Kuntloor,2500.0,carpet area,4,120.0
Dammaiguda,1425.0,carpet area,2,80.0
Saidabad Colony,1200.0,super area,3,40.0
Golconda Fort,1392.0,carpet area,3,66.0
K P H B Phase 5,1278.0,super area,2,114.99999999999999
,1503.0,super area,2,85.0
Ahmadguda,1400.0,carpet area,2,65.0
Indresham,760.0,carpet area,2,29.8
Lingampally-Serilingampally,1975.0,super area,3,86.0
Borabanda,450.0,carpet area,2,80.0
Vikas Nagar-Dilsukh Nagar,1500.0,super area,2,120.0
Krishna Reddy Pet,1150.0,super area,2,48.0
,1640.0,carpet area,3,72.0
Miyapur,1000.0,super area,2,45.0
Saroor Nagar West,1200.0,carpet area,2,64.0
,1566.0,super area,2,99.0
Registration Colony,1350.0,carpet area,3,52.0
Meerpet,915.0,super area,2,42.0
Neredmet,1780.0,super area,3,90.0
Rajendra Nagar,1040.0,super area,2,74.0
,1260.0,carpet area,2,85.0
Kousalya Colony ,914.0,carpet area,2,50.0
Sai Nagar-Hafeezpet,720.0,carpet area,4,80.0
Medchal,1100.0,carpet area,3,42.9
Prasanth Nagar,1000.0,super area,2,48.0
Saket,702.0,carpet area,1,50.0
Isnapur,1035.0,super area,2,45.0
,1250.0,carpet area,3,68.0
Ambedkar Nagar-Hafeezpet,1200.0,carpet area,2,66.0
Bachupally,1195.0,super area,2,65.7
,1500.0,carpet area,2,85.0
Bandlaguda Jagir,1100.0,super area,2,55.0
Patancheru,1800.0,super area,2,105.0
Nagole,960.0,carpet area,2,75.0
,890.0,carpet area,2,43.0
Netaji Nagar,900.0,super area,1,35.0
Saroor Nagar West,980.0,super area,2,52.0
Himayatnagar,876.0,super area,1,65.0
Mithila Nagar-Meerpet,900.0,super area,2,95.0
Kistareddypet,1000.0,carpet area,2,55.0
Shameerpet,1000.0,super area,2,30.0
,1200.0,carpet area,2,60.0
Gayatri Nagar,2500.0,super area,3,140.0
,909.0,super area,2,37.0
,638.0,carpet area,2,42.0
Kompally,1458.0,super area,3,130.0
,1005.0,carpet area,2,54.0
Serilingampally,1513.0,carpet area,3,129.0
Badangpet,106.0,carpet area,1,51.0
Dammaiguda,850.0,carpet area,2,42.0
,1500.0,carpet area,3,70.0
Chandanagar,1005.0,super area,2,61.0
Sun City,1374.0,super area,3,64.6
Beeramguda,470.0,carpet area,2,24.0
Gopanapalli,1200.0,carpet area,2,79.0
Hakimpet,1275.0,carpet area,3,60.0
Kapra,1395.0,super area,1,45.0
Dwaraka Nagar,715.0,super area,2,45.0
Rallaguda,1557.0,super area,2,90.0
Kavuri Hills,1020.0,super area,1,90.0
Srinivasa Colony,1200.0,carpet area,2,50.0
,1350.0,carpet area,2,80.0
,1575.0,carpet area,3,73.0
,710.0,carpet area,2,52.0
,900.0,carpet area,3,42.0
Bandari Layout,1052.0,carpet area,2,39.0
,1240.0,carpet area,2,75.0
Bowrampet,1245.0,super area,2,69.0
Naganpalle,1100.0,super area,2,31.0
Malakpet,1137.0,super area,2,75.0
Pragathi Nagar,1160.0,carpet area,2,58.0
Ram nagar,600.0,super area,1,35.0
Manchirevula,1250.0,carpet area,2,76.0
Manikonda,1695.0,super area,3,99.9
,950.0,carpet area,2,70.0
Moula Ali,1050.0,super area,2,45.0
,857.0,carpet area,2,35.0
Manikonda,1600.0,carpet area,3,91.2
,1000.0,super area,2,75.0
LB Nagar,1350.0,carpet area,4,125.0
NGO Colony,2400.0,super area,5,110.00000000000001
Chandragiri Colony,1220.0,carpet area,3,52.0
Bachupally,1193.0,super area,2,72.7
Pragathi Nagar,1179.0,carpet area,3,71.0
Kondapur,1880.0,super area,3,130.0
Pedda Amberpet,2200.0,carpet area,3,125.0
Madinaguda,842.0,super area,2,45.0
,880.0,carpet area,3,47.0
A C Guards,1015.0,carpet area,2,65.0
Miyapur,990.0,carpet area,2,75.0
,1272.0,super area,3,100.0
Bachupally,900.0,carpet area,2,45.0
Bandari Layout,1150.0,carpet area,2,41.0
Dwaraka Nagar,960.0,super area,2,52.0
Indresham,1130.0,super area,2,40.0
,1000.0,super area,2,40.0
Tellapur,1475.0,super area,2,91.0
Edi Bazar West,720.0,super area,2,72.0
Suraram,980.0,carpet area,2,34.0
Vanasthalipuram,910.0,super area,2,50.0
Hayathnagar,4600.0,super area,2,145.0
Medipally,1206.0,carpet area,4,120.0
Narsingi,1800.0,super area,3,125.0
Golnaka,1140.0,super area,2,65.0
Judges Colony,880.0,carpet area,2,50.9
Bandlaguda,1020.0,carpet area,2,65.0
Boduppal,1100.0,super area,2,47.5
Balapur,1143.0,carpet area,3,99.0
,900.0,carpet area,2,120.0
Masjid Banda,1100.0,super area,2,70.0
,1614.0,super area,3,145.0
,1200.0,carpet area,3,45.0
Bachupally,950.0,carpet area,2,68.0
Pocharam,1352.0,super area,3,60.0
Geetha Nagar,1100.0,carpet area,4,110.00000000000001
Keesara,1080.0,carpet area,2,55.0
Bachupally,1353.0,carpet area,3,70.3
Rai Durg,1100.0,super area,2,75.0
,1200.0,super area,2,65.0
Panjagutta Colony,1000.0,super area,,60.0
Ahmadguda,1100.0,carpet area,2,72.0
Baba Nagar,100.0,carpet area,3,92.0
Nadergul,990.0,carpet area,2,52.0
,1200.0,super area,2,70.0
,1082.0,carpet area,2,87.0
,1150.0,carpet area,3,68.0
Bandam Kommu,1200.0,carpet area,2,70.0
Puppalaguda,1640.0,carpet area,3,75.0
Nallagandla,1560.0,super area,3,140.0
Tellapur,1000.0,carpet area,2,87.0
Rajendra Nagar,1221.0,carpet area,3,87.0
Bollaram,990.0,carpet area,2,48.0
,1460.0,super area,3,65.0
Mallampet,1080.0,super area,2,45.0
Beeramguda,1100.0,carpet area,2,43.0
Kukatpally,840.0,super area,2,45.0
Ghatkesar,1400.0,carpet area,2,7.4
,1500.0,super area,4,112.00000000000001
Nallagandla,1185.0,carpet area,2,83.0
Nallagandla,1270.0,super area,2,88.0
,9000.0,super area,2,139.0
Bandlaguda Jagir,1241.0,super area,3,65.0
Madhapur,1764.0,carpet area,3,120.0
Nagaram,1010.0,super area,2,48.5
Kompally,1560.0,super area,3,120.0
Appa junction,1180.0,super area,2,90.0
,1125.0,super area,2,47.0
Bandlaguda,1700.0,carpet area,3,114.99999999999999
Gowlidoddy,1496.0,carpet area,3,90.0
Kollur,900.0,carpet area,2,45.0
Miyapur,1260.0,super area,2,82.0
Gopanapalli,1400.0,carpet area,3,70.0
Bachupally,1135.0,super area,2,46.0
Bolarum,906.0,carpet area,2,72.0
Nizampet,1050.0,carpet area,2,58.0
Tukkuguda,1800.0,super area,3,72.0
Suraram Colony,6508.0,super area,6,145.0
Tukkuguda,1850.0,carpet area,3,105.0
Patancheru,967.0,super area,2,45.0
,1100.0,carpet area,2,39.0
Hema Nagar,1050.0,carpet area,2,52.2
,1170.0,super area,2,49.9
Patancheru,880.0,carpet area,2,45.0
Gandipet,1410.0,super area,2,95.0
Shamirpet,900.0,carpet area,2,22.0
Navodaya Colony-Kukatpally,1135.0,super area,2,76.0
Srisailam Highway,1100.0,super area,2,85.0
Gowlidoddy,1200.0,carpet area,2,70.0
Gachibowli,990.0,super area,2,81.0
Chandanagar,1555.0,carpet area,3,85.0
Mallampet,1150.0,carpet area,2,42.0
,1400.0,super area,3,70.0
Miyapur,1050.0,super area,2,55.0
Bowrampet,1000.0,super area,2,36.9
Manikonda,450.0,carpet area,2,60.0
Gachibowli,1198.0,super area,3,89.0
,55.0,super area,1,60.0
Pragathi Nagar,1000.0,carpet area,2,64.1
Rajendra Nagar,756.0,carpet area,2,57.0
Kuntloor,1130.0,super area,2,48.0
,1020.0,carpet area,2,25.0
,1150.0,carpet area,2,60.0
Sai Nagar Colony-Madhura Nagar,950.0,carpet area,2,47.0
Kompally,1665.0,super area,3,93.0
Vishali Nagar,1400.0,carpet area,3,95.0
,920.0,carpet area,2,35.0
Zamistanpur,700.0,super area,1,30.0
Bongloor,875.0,carpet area,2,50.0
Bongloor,850.0,carpet area,2,46.0
,1421.0,super area,3,60.0
Patancheru Industrial Area,1150.0,carpet area,2,50.0
Kistareddypet,150.0,carpet area,2,110.00000000000001
Ibrahimpatnam,1278.0,super area,4,70.0
Hitech City,1580.0,super area,3,123.0
Shameerpet,2025.0,super area,3,125.0
,1150.0,carpet area,2,52.0
Rajendra Nagar,1050.0,carpet area,3,95.0
Upparpally,1150.0,super area,2,60.0
,1900.0,super area,3,130.0
Peerzadiguda,2502.0,super area,2,140.0
Appa junction,1400.0,carpet area,2,98.0
,1575.0,super area,3,125.0
Gachibowli,1060.0,super area,2,85.0
,1675.0,super area,3,140.0
,1575.0,super area,4,95.0
Rampally,2348.0,super area,3,120.0
,1550.0,super area,3,69.0
Medchal,1200.0,carpet area,2,50.0
Dundigal,1380.0,super area,2,85.0
Gopanapalli,1260.0,super area,2,90.0
Bongloor,975.0,carpet area,2,50.0
,1430.0,super area,3,70.0
,3300.0,super area,8,135.0
Isnapur,960.0,super area,2,32.0
Gachibowli,1365.0,carpet area,2,110.00000000000001
Kandla Koya,1375.0,super area,2,50.0
Borabanda,180.0,carpet area,4,120.0
Bolarum,1075.0,super area,2,47.0
Kompally,1400.0,carpet area,2,83.5
Rajendra Nagar,1048.0,super area,2,80.0
Kukatpally,1185.0,carpet area,2,90.0
Parvathapur,510.0,super area,1,38.0
Bowrampet,1250.0,super area,2,55.0
Golconda Fort,297.0,super area,1,40.0
Bowenpally,1125.0,carpet area,> 10,110.00000000000001
Dullapally,1175.0,carpet area,2,45.0
Allwyn Colony,675.0,carpet area,4,90.0
Langar Houz,1078.0,carpet area,2,75.0
Aziz Bagh,1750.0,super area,3,144.0
Shaikpet,1890.0,super area,3,147.0
Sangareddy District,2000.0,carpet area,3,120.0
Ghatkesar,1477.0,super area,3,48.0
Happy Homes Colony,1000.0,carpet area,2,41.0
Friends Colony,1804.0,super area,4,98.0
,1305.0,super area,2,70.0
,900.0,super area,2,95.0
Beeramguda,1220.0,super area,2,58.6
,1190.0,super area,2,52.0
Ghatkesar,1000.0,carpet area,2,85.0
Allwyn Colony,647.0,super area,1,60.0
Dammaiguda,700.0,carpet area,2,83.0
,,,,59.8
Dabeerpura,3500.0,carpet area,8,130.0
Kowkur,850.0,carpet area,2,47.0
HUDA Layout,1161.0,super area,2,54.6
,1000.0,carpet area,2,50.0
Padmasri Estates,930.0,carpet area,2,44.0
Munganoor,1269.0,carpet area,3,75.0
Bongloor,1350.0,super area,2,70.0
Beeramguda,1800.0,carpet area,3,144.0
Saidabad,790.0,carpet area,2,65.0
Thorrur,945.0,carpet area,1,35.0
Karmika Nagar,500.0,super area,3,55.0
Kollur,1102.0,carpet area,3,50.0
Ghatkesar,1300.0,carpet area,2,68.0
,940.0,carpet area,5,82.0
Murad Nagar,950.0,super area,2,35.0
Sun City,1100.0,super area,2,55.0
,950.0,carpet area,2,45.0
Aramghar,1022.0,super area,2,60.0
,120.0,super area,4,83.0
Badangpet,900.0,super area,2,66.0
Sun City,1530.0,super area,3,50.0
Kompally,1345.0,carpet area,2,69.0
KTR Colony,1024.0,super area,2,45.0
,1365.0,super area,3,62.0
Saleheen Colony,1080.0,super area,3,55.0
Rajendra Nagar,1100.0,super area,2,70.0
Ravi Colony,900.0,carpet area,2,38.0
Kollur,1250.0,carpet area,2,50.0
Bachupally,1000.0,carpet area,2,50.0
Mahesh Housing Society,1506.0,super area,3,80.0
,875.0,carpet area,2,46.0
Kuntloor,1260.0,super area,2,120.0
,1000.0,carpet area,2,45.0
,1150.0,carpet area,2,72.0
Hyderabad Expressway,1800.0,carpet area,2,130.0
Manikonda,1755.0,super area,3,140.0
,190.0,carpet area,2,47.7
Chintalmet,1440.0,carpet area,2,65.0
Rampally,150.0,carpet area,3,45.0
Bandlaguda Jagir,1625.0,super area,3,110.00000000000001
Nagaram,1400.0,carpet area,3,60.0
,53.0,carpet area,1,60.0
Vanasthalipuram,1170.0,carpet area,2,83.0
Vanasthalipuram,1170.0,carpet area,2,83.0
Nallagandla,1385.0,super area,2,79.0
,5548.0,super area,1,65.0
Sun City,1266.0,super area,3,75.0
NFC Employees Colony,1800.0,carpet area,3,132.0
Murad Nagar,1000.0,carpet area,2,39.5
,225.0,carpet area,5,95.0
Almasguda,2300.0,carpet area,2,110.00000000000001
Ganesh Nagar,100.0,carpet area,3,85.0
Munirabad,1248.0,super area,2,48.0
,765.0,super area,1,65.0
,1130.0,carpet area,2,40.0
,2000.0,super area,4,105.0
,1647.0,carpet area,2,92.0
Kollur,315.0,carpet area,2,45.0
Appa junction,1162.0,super area,2,55.0
Saroornagar,955.0,carpet area,2,60.4
Miyapur,1290.0,carpet area,2,89.0
Jamal Colony,1176.0,carpet area,3,60.0
,950.0,carpet area,2,54.0
Peeranchuruvu,1800.0,super area,3,135.0
Gachibowli,854.0,carpet area,2,92.4
Miyapur,1250.0,super area,2,82.0
Amberpet,1100.0,carpet area,2,97.0
Bandlaguda Jagir,1100.0,carpet area,2,60.0
Chanda Nagar,1550.0,super area,3,99.0
Dattatreya Colony,1020.0,super area,2,37.0
PJR Layout,1135.0,super area,2,66.0
Mallapur,1625.0,super area,3,125.0
,1350.0,carpet area,3,89.0
Nizampet,1512.0,carpet area,3,71.5
Dammaiguda,1500.0,super area,3,86.0
,1600.0,super area,3,50.0
Bandlaguda Jagir,1065.0,carpet area,2,82.0
Kondapur,1212.0,super area,2,80.0
Injapur,2300.0,carpet area,4,127.0
Bandari Layout,1200.0,carpet area,2,48.0
Pasha Colony,1256.0,super area,3,56.5
KPHB Road,1200.0,carpet area,3,120.0
Chandanagar,900.0,carpet area,2,69.9
,930.0,carpet area,3,48.0
Upparpally,1563.0,carpet area,3,100.0
Beeramguda,1000.0,carpet area,2,84.0
Ootupally,1350.0,carpet area,3,105.0
PJR Layout,1150.0,super area,2,48.0
,950.0,super area,2,43.0
,1083.0,super area,2,87.5
Punjagutta,850.0,carpet area,2,70.0
Bachupally,1300.0,carpet area,2,60.0
Nizampet,1065.0,carpet area,2,43.0
OU Colony,1100.0,super area,2,75.0
Malakpet,1105.0,carpet area,2,72.0
,2800.0,carpet area,4,128.0
Hayat Nagar,1381.0,carpet area,3,55.0
Ibrahimpatnam Road,1503.0,carpet area,10,92.0
Isnapur,1150.0,carpet area,2,50.0
Mallapur-Balapur,2420.0,carpet area,4,76.0
Patrika Nagar,1350.0,carpet area,2,105.0
Kondapur,1800.0,carpet area,3,130.0
Kothapet,1100.0,super area,2,68.0
Yamnampet,1160.0,carpet area,3,52.4
Bollaram,1100.0,super area,3,48.8
Rajendra Nagar,1110.0,super area,2,68.0
Thumkunta,2242.0,carpet area,6,97.0
Thumkunta,2242.0,carpet area,6,97.0
Borabanda,1100.0,carpet area,2,70.0
Kadthal,1200.0,carpet area,2,85.0
Kakatiya Hills,900.0,carpet area,2,58.0
Moti Nagar-Erragadda,702.0,carpet area,8,110.00000000000001
Kondapur,1840.0,super area,3,120.0
Patancheru,554.0,super area,1,27.0
Kothur,1000.0,super area,2,48.0
Tarapuri Colony,1750.0,carpet area,2,130.0
Muthangi,1350.0,carpet area,7,114.99999999999999
Aziz Bagh Colony,1388.0,super area,2,114.99999999999999
Vijaya Nagar Colony,936.0,super area,2,60.0
Barkatpura,1043.0,carpet area,2,85.0
Quthbullapur,1146.0,carpet area,2,70.0
Muthangi,750.0,carpet area,2,35.0
Peerzadiguda,1980.0,super area,3,120.0
Gajularamaram,1599.0,carpet area,3,100.0
New Boiguda,905.0,super area,2,33.0
Sai Anurag Colony,1145.0,super area,2,52.5
Thumkunta,1213.0,super area,2,35.0
Riyasat Nagar,1350.0,super area,3,50.0
Dammaiguda,1000.0,super area,2,42.0
Kompally,1755.0,super area,3,98.4
Puppalaguda,1090.0,carpet area,2,47.0
Nizampet,1550.0,super area,3,75.0
Narsingi,2400.0,carpet area,4,140.0
,775.0,carpet area,3,43.6
Ramakrishnapuram-Neredmet,1495.0,super area,3,79.0
Darga Khaliz Khan,1310.0,carpet area,2,64.0
Brindavan Colony,1250.0,carpet area,3,90.0
Kollur,940.0,carpet area,2,100.0
Isnapur,754.0,carpet area,2,34.0
Aliabad,1098.0,carpet area,4,105.0
Chintalmet,944.0,carpet area,2,37.0
Hitex,1400.0,carpet area,3,120.0
Dammaiguda,1900.0,carpet area,4,125.0
SRT Nagar,2300.0,super area,5,120.0
Injapur,175.0,super area,2,105.0
Sai Baba Nagar Colony,1050.0,super area,2,60.0
Moula Ali,668.0,carpet area,2,70.0
Uppal,1550.0,carpet area,3,89.1
Attapur,1667.0,carpet area,3,100.0
Peerzadiguda,1464.0,super area,2,65.0
Habsiguda,1084.0,carpet area,2,50.0
,2400.0,carpet area,4,125.0
,900.0,carpet area,2,40.0
Isnapur,727.0,carpet area,2,34.6
Rajendra Nagar,1100.0,super area,3,95.0
Rajeevgandhi Nagar,1250.0,super area,3,75.0
Aminpur,750.0,carpet area,2,56.0
Mallampet,1164.0,carpet area,2,50.5
,1600.0,super area,3,107.0
Medipally,850.0,carpet area,2,54.0
Dammaiguda,990.0,super area,3,40.0
,1760.0,super area,3,85.0
Sri Nagar Colony,1000.0,carpet area,2,105.0
Boduppal,120.0,carpet area,6,100.0
Nallagandla,810.0,carpet area,2,120.0
Hayathnagar,1350.0,super area,2,120.0
Attapur,1250.0,super area,2,120.0
Kollur,2000.0,super area,3,85.0
Tellapur,1500.0,carpet area,3,112.00000000000001
Bandlaguda Jagir,1330.0,carpet area,2,88.0
,1825.0,super area,8,70.0
Velimela,1665.0,super area,3,63.3
Kollur,416.0,carpet area,3,66.0
,2200.0,carpet area,4,105.0
Bachupally,918.0,super area,2,43.0
Medchal,775.0,carpet area,2,35.0
Adarsh Nagar-Serilingampally,1000.0,carpet area,2,48.0
Nallagandla,1523.0,super area,3,85.0
Annapurna Colony-Mallapur,1134.0,super area,3,101.0
Appa junction,1395.0,super area,2,90.0
Injapur,2600.0,super area,2,99.0
Kollur,1100.0,carpet area,2,62.5
Rampally,1100.0,carpet area,2,65.0
Jadcherla,900.0,carpet area,2,35.0
,1152.0,carpet area,2,85.0
Rameshwar Banda,2000.0,carpet area,3,99.0
Ayyappa Society,1384.0,carpet area,3,134.0
Narapally,1755.0,carpet area,3,63.2
Boduppal,957.0,carpet area,2,36.3
Tellapur,1874.0,carpet area,3,117.0
Bachupally,2200.0,super area,3,117.0
Kollur,1250.0,carpet area,2,50.0
Bachupally,800.0,carpet area,2,55.0
Bachupally,1150.0,carpet area,2,40.3
Beeramguda,2355.0,super area,4,89.5
Financial District,917.0,carpet area,2,134.0
Hitech City,1500.0,carpet area,3,79.0
Sainikpuri,1150.0,carpet area,2,44.0
Kowkur,1585.0,carpet area,3,87.0
Patancheru,633.0,carpet area,2,31.4
Shameerpet,2400.0,carpet area,3,90.0
Appa junction,1788.0,super area,3,120.0
Chandanagar,1402.0,carpet area,3,90.0
A C Guards,1160.0,carpet area,2,86.0
Gopanapalli,1290.0,carpet area,2,92.0
Sainikpuri,850.0,carpet area,2,43.0
Muppas Panchavati Colony,1100.0,carpet area,2,68.0
,1330.0,super area,3,66.0
Nizampet,1100.0,carpet area,2,65.0
Kompally,1440.0,super area,3,70.0
Nagaram,905.0,super area,2,40.0
Masjid Banda,1500.0,carpet area,3,120.0
Kardhanur,1050.0,carpet area,2,22.0
Nallagandla,1950.0,carpet area,3,125.0
Narsingi,1500.0,carpet area,3,120.0
Madhura Nagar-Nizampet,1300.0,carpet area,2,140.0
Toli Chowki,1350.0,carpet area,3,69.0
B N Reddy Nagar,937.0,carpet area,2,57.0
Miyapur,1155.0,super area,2,62.0
West Marredpally,1201.0,super area,3,75.0
Mayuri Nagar,1120.0,carpet area,3,72.3
Kokapet,1780.0,carpet area,3,110.00000000000001
Attapur,1375.0,super area,3,60.0
Aminpur,1100.0,carpet area,2,60.0
Miyapur,1205.0,carpet area,2,31.0
Mythri Nagar,1330.0,super area,2,73.3
Ghatkesar,1000.0,super area,2,37.2
Kukatpally,895.0,carpet area,2,100.0
East Marredpally,970.0,super area,2,60.0
Gajularamaram,900.0,carpet area,2,62.0
Aminpur,2200.0,super area,2,130.0
Kondapur,2100.0,carpet area,3,125.0
Bandlaguda Jagir,1200.0,carpet area,3,64.0
Manikonda,1000.0,carpet area,2,88.0
Rajendra Nagar,1251.0,super area,3,120.0
Chandanagar,1230.0,carpet area,2,51.0
Kompally,1200.0,carpet area,2,59.5
HMT nagar,900.0,carpet area,2,45.0
Chandanagar,1250.0,carpet area,3,72.0
Beeramguda,880.0,super area,2,32.0
Kakateeya Nagar,440.0,carpet area,1,22.0
Aminpur,1464.0,carpet area,3,99.0
Narsingi,1295.0,carpet area,2,79.9
Muthangi,250.0,carpet area,2,32.0
Kompally,1395.0,carpet area,3,70.0
Shivarampally,1400.0,carpet area,3,75.0
Shivam Rd,950.0,carpet area,2,48.0
Mallapur,1100.0,carpet area,3,61.6
Tarnaka,1717.0,carpet area,3,114.99999999999999
Gachibowli,990.0,super area,2,75.0
Gulshan Colony,900.0,carpet area,2,42.5
Chengicherla,1500.0,carpet area,2,71.0
Srisailam Highway,1300.0,super area,2,72.0
Dr A.S. Rao Nagar,1999.0,super area,3,84.0
Alkapur Township,1709.0,super area,3,90.0
Manikonda,2100.0,super area,3,90.0
Velimela,975.0,carpet area,3,39.0
Gandhi Nagar-Kapra,630.0,carpet area,4,65.0
Kompally,1120.0,super area,2,44.8
Kukatpally,1515.0,carpet area,2,110.00000000000001
Masab Tank,1900.0,carpet area,3,57.0
Khaja Guda,1283.0,carpet area,2,87.8
Beeramguda,1535.0,carpet area,3,64.9
Tilak Nagar,3150.0,carpet area,3,92.0
Vengal Rao Nagar,1170.0,carpet area,3,72.0
Narsingi,1800.0,carpet area,3,120.0
Kapra,822.0,carpet area,2,32.0
Padmanagar Phase II,791.0,carpet area,2,36.0
Jubilee Hills,1000.0,carpet area,3,120.0
Nanakram Guda,1275.0,super area,2,134.0
Appa junction,1000.0,carpet area,3,89.5
Nallagandla,2000.0,carpet area,3,145.0
Kompally,1425.0,carpet area,3,69.6
Uppal,2300.0,carpet area,3,145.0
Mamatha Nagar Colony,1567.0,super area,3,72.2
Kothapet,1100.0,carpet area,2,60.0
Bachupally,1375.0,carpet area,3,55.4
P Janardhan Reddy Nagar,850.0,carpet area,2,46.0
Nandi Nagar,1200.0,carpet area,2,85.0
Habsiguda,850.0,carpet area,2,52.0
Kukatpally,1425.0,carpet area,3,96.0
Raghavendra Nagar-Nacharam,1000.0,carpet area,2,52.5
Chandanagar,1065.0,carpet area,2,72.0
Nizampet,1550.0,carpet area,3,82.0
Boduppal,800.0,carpet area,2,40.0
East Marredpally,1160.0,carpet area,3,90.0
LB Nagar,1000.0,carpet area,2,60.0
Uppal Kalan,1400.0,carpet area,3,100.0
Chandanagar,1000.0,carpet area,2,32.8
Kavuri Hills,1020.0,carpet area,2,70.0
Pragathi Nagar,600.0,carpet area,1,29.9
Ram nagar,800.0,carpet area,2,45.0
Kompally,650.0,carpet area,2,41.0
Hafeezpet,993.0,super area,2,71.0
Kamalapuri Colony,1490.0,carpet area,3,105.0
Nizampet,1025.0,super area,2,45.0
Nacharam,900.0,super area,2,42.0
Tanasha Nagar,1564.0,carpet area,3,75.0
Dr A.S. Rao Nagar,1050.0,carpet area,2,49.6
Chandanagar,1200.0,carpet area,3,75.0
Srinagar Colony,1700.0,super area,3,114.99999999999999
Nagaram,2420.0,carpet area,3,136.0
Mokila,1530.0,carpet area,2,105.0
Kompally,900.0,carpet area,2,50.0
Mokila,1000.0,carpet area,2,40.0
Mallampet,1130.0,carpet area,2,29.0
Kukatpally,1000.0,carpet area,2,70.0
Aminpur,918.0,carpet area,2,45.0
Tilak Nagar,1500.0,carpet area,3,55.0
Manikonda,1380.0,super area,3,118.0
Moosarambagh,1240.0,carpet area,2,72.0
Vayupuri,2200.0,super area,3,130.0
Dundigal,1899.0,carpet area,2,58.0
Bachupally,2021.0,super area,4,100.0
Kollur,1800.0,carpet area,3,62.0
Bachupally,1340.0,carpet area,3,40.0
K P H B Phase 4,750.0,carpet area,2,45.0
Sun City,950.0,carpet area,2,52.0
Kondapur,900.0,carpet area,2,56.5
Alkapur Township,880.0,carpet area,2,63.0
Bandari Layout,900.0,carpet area,2,40.0
Yapral,1400.0,carpet area,3,72.0
Kondapur,1160.0,carpet area,3,78.0
Puppalaguda,1583.0,carpet area,3,127.0
Nagole,1200.0,carpet area,2,60.0
Manikonda,960.0,carpet area,2,45.0
West Marredpally,1460.0,carpet area,3,105.0
Mallampet,950.0,carpet area,2,39.0
Pasha Colony,1600.0,carpet area,4,100.0
Nadergul,1100.0,carpet area,2,56.0
HMT Swarnapuri Colony,1050.0,carpet area,2,46.0
Dammaiguda,1150.0,carpet area,2,65.0
Sainikpuri,1350.0,carpet area,3,78.0
Dr A.S. Rao Nagar,900.0,carpet area,2,50.0
Hydershakote,1270.0,carpet area,2,95.0
Miyapur,900.0,carpet area,2,39.9
Yapral,1400.0,carpet area,3,65.0
Chandanagar,697.0,carpet area,2,35.0
Surya Colony,973.0,super area,2,45.0
Sri Ramnagar - Block C,1150.0,super area,2,62.0
Panjagutta Colony,700.0,carpet area,2,40.0
Bagh Amberpet,742.0,carpet area,2,30.0
Patancheru,1470.0,super area,3,47.0
Bandlaguda Jagir,1250.0,carpet area,2,105.0
Vanasthalipuram,1150.0,carpet area,2,50.0
Nagole,900.0,carpet area,2,36.0
Appa junction,1380.0,super area,3,79.0
Gachibowli,1742.0,super area,3,140.0
Kismatpur,2500.0,super area,4,125.0
Moula Ali,725.0,carpet area,2,16.0
Hyderabad-Karimnagar Highway,1100.0,carpet area,2,26.0
,1150.0,carpet area,2,68.0
Serilingampally,1070.0,super area,2,60.0
Hayathnagar,1250.0,carpet area,2,38.0
Appa junction,862.0,carpet area,2,45.0
Badangpet,106.0,carpet area,2,74.0
Dammaiguda,1503.0,super area,2,72.0
Saket,589.0,carpet area,2,37.0
Gachibowli,1250.0,super area,2,90.0
Medchal,1150.0,carpet area,3,62.0
,300.0,carpet area,,39.0
Humayun Nagar,1100.0,super area,3,48.0
Kistareddypet,1130.0,carpet area,2,33.0
Bachupally,607.0,carpet area,1,28.5
Beeramguda,1050.0,super area,2,35.0
Nallagandla,1430.0,super area,3,114.99999999999999
Nallagandla,900.0,carpet area,2,85.0
Nizampet,1000.0,carpet area,2,40.0
Alkapur Township,1160.0,carpet area,2,52.2
Mehdipatnam,970.0,carpet area,2,44.0
Neredmet,1650.0,super area,3,100.0
Miyapur,1210.0,super area,2,42.4
Gachibowli,1492.0,super area,2,134.0
Pragathi Nagar,1350.0,carpet area,3,69.0
Miyapur,1000.0,carpet area,3,63.0
Beeramguda,1600.0,carpet area,3,114.99999999999999
Dammaiguda,2020.0,carpet area,3,108.0
Bachupally,1150.0,carpet area,2,56.0
Kondapur,1200.0,carpet area,2,68.0
Bowrampet,1700.0,carpet area,3,110.00000000000001
Kushaiguda,1120.0,super area,2,48.0
Beeramguda,2600.0,carpet area,4,120.0
Mallampet,950.0,carpet area,2,32.0
Kollur,900.0,carpet area,2,25.8
Vijaynagar Colony,900.0,super area,2,38.0
Bandlaguda Jagir,1000.0,carpet area,2,55.0
Narsingi,1314.0,super area,2,130.0
Kousalya Colony ,1800.0,carpet area,3,72.0
Isnapur,770.0,super area,2,26.0
Mallampet,1150.0,super area,2,37.0
LB Nagar,780.0,carpet area,2,36.0
Income Tax Colony,2025.0,super area,2,129.0
Kondapur,1385.0,super area,3,75.0
Gajularamaram,3000.0,carpet area,6,135.0
Gachibowli,1435.0,super area,3,98.0
Miyapur,1148.0,carpet area,2,63.0
Hyder Shah Kote,876.0,carpet area,3,43.8
Gachibowli,890.0,carpet area,2,95.0
Narsingi,1670.0,super area,3,100.0
APHB Colony-Moula Ali,1521.0,super area,3,90.0
Balapur,800.0,carpet area,1,25.0
Gachibowli,1690.0,super area,3,112.00000000000001
Nizampet,1565.0,carpet area,3,105.0
Kokapet,2040.0,carpet area,3,110.00000000000001
Adibatla,1255.0,super area,3,36.5
Nanakram Guda,1790.0,carpet area,3,125.0
Nacharam,500.0,carpet area,1,25.0
Vasanth Nagar Colony,1130.0,super area,2,45.0
Sun City,1506.0,super area,3,70.0
Kondapur,1600.0,carpet area,3,85.0
Sathyanarayanapuram,3000.0,carpet area,2,135.0
Registration Colony,1150.0,carpet area,3,41.6
Kondakal,2600.0,carpet area,3,80.0
Bowrampet,2650.0,super area,3,145.0
Peerzadiguda,900.0,super area,2,61.5
Kondapur,1200.0,carpet area,2,69.0
Madinaguda,850.0,carpet area,2,52.0
Old Alwal,850.0,carpet area,2,45.0
Pragathi Nagar,950.0,carpet area,2,34.0
Secunderabad,1300.0,carpet area,2,85.0
Kukatpally,900.0,carpet area,2,42.0
Kukatpally,1180.0,carpet area,2,52.0
Manikonda,967.0,carpet area,2,40.0
Injapur,907.0,carpet area,2,45.0
Gajularamaram,2000.0,super area,4,59.0
Kondapur,1600.0,carpet area,3,90.0
Anjaneya Nagar Moosapet,880.0,carpet area,2,39.5
Nizampet,975.0,carpet area,2,35.0
Chandanagar,1150.0,super area,2,75.0
Nallagandla,1245.0,super area,2,95.0
Miyapur,1250.0,carpet area,3,82.0
Raj Bhawan Road,1187.0,super area,2,60.0
Miyapur,860.0,carpet area,2,55.0
Sai Prasanna Enclave,1503.0,carpet area,3,77.5
Toli Chowki,750.0,super area,2,31.9
Pragathi Nagar,1105.0,super area,2,55.0
NGO Colony,972.0,carpet area,3,120.0
Bachupally,1055.0,carpet area,2,43.0
Manikonda,1680.0,carpet area,3,75.0
Uppal,808.0,carpet area,2,35.0
Uppal,650.0,carpet area,2,28.5
HAL Colony,1475.0,super area,3,50.0
Lalitha Nagar-Adikmet,800.0,carpet area,2,35.0
Bandlaguda Jagir,945.0,carpet area,2,30.5
Khizra Enclave,960.0,carpet area,2,43.0
Shamirpet,1305.0,carpet area,3,35.0
Kompally,1115.0,super area,2,34.0
Badangpet,1350.0,carpet area,2,65.0
Alkapur Township,1425.0,carpet area,3,65.0
Kondapur,1800.0,super area,3,97.2
Bandam Kommu,1600.0,carpet area,3,136.0
Sama Nagar,900.0,carpet area,2,42.0
Kompally,2517.0,carpet area,4,120.0
Manikonda,1175.0,carpet area,2,58.0
Shamirpet,1000.0,carpet area,2,22.0
Beeramguda,1300.0,carpet area,2,90.0
Miyapur,850.0,carpet area,2,34.0
Kukatpally,1180.0,carpet area,2,63.5
Kondapur,1100.0,carpet area,2,65.0
Bachupally,1300.0,carpet area,3,49.0
Sainikpuri,1600.0,carpet area,3,80.0
Bachupally,1100.0,carpet area,2,48.0
Kukatpally,1100.0,carpet area,2,60.0
Kondapur,1400.0,carpet area,3,89.0
Boduppal,1000.0,carpet area,2,75.0
Manikonda,900.0,carpet area,2,50.0
Pragathi Nagar,900.0,carpet area,2,53.0
Chandanagar,1190.0,carpet area,2,50.0
Gandi Maisamma,2700.0,super area,5,90.0
Gachibowli,1460.0,carpet area,3,90.0
Bachupally,2000.0,carpet area,3,85.0
Bandlaguda Jagir,1215.0,carpet area,3,78.0
Madhapur,1511.0,super area,3,100.0
Suchitra Circle,1155.0,carpet area,3,55.0
Nizampet,1100.0,carpet area,2,45.0
Uppal,990.0,carpet area,2,82.0
Narsingi,1320.0,carpet area,3,112.00000000000001
Vijaya Nagar Colony,1100.0,carpet area,2,53.0
Miyapur,1080.0,carpet area,2,64.0
ECIL,500.0,carpet area,1,14.0
Bandari Layout,1000.0,carpet area,2,45.0
Kukatpally,1149.0,super area,2,89.0
Manikonda,1855.0,super area,3,85.0
Kompally,900.0,carpet area,2,45.0
Nallagandla,1600.0,super area,3,130.0
Gachibowli,1050.0,carpet area,3,110.00000000000001
Boduppal,1000.0,carpet area,2,75.0
Manikonda,1188.0,super area,2,60.0
Lanco Hills,1575.0,carpet area,3,130.0
Chikoti Gardens,830.0,carpet area,2,55.0
Nanal nagar,1400.0,carpet area,3,70.0
Pragathi Nagar,1242.0,carpet area,3,48.0
Dilsukh Nagar,700.0,carpet area,2,24.0
Appa junction,1050.0,carpet area,3,90.0
Masab Tank,1510.0,carpet area,3,75.0
Kukatpally,950.0,super area,2,45.0
Dammaiguda,1200.0,carpet area,2,66.0
Nagaram,900.0,carpet area,2,33.0
Patancheru,1350.0,carpet area,3,120.0
Sanath Nagar,550.0,carpet area,1,26.4
Chandanagar,1070.0,carpet area,2,39.0
Kompally,1810.0,super area,3,78.0
Patancheru,1900.0,carpet area,3,40.0
Beeramguda,1030.0,carpet area,2,36.0
Pocharam,1080.0,carpet area,2,30.0
Medchal,800.0,carpet area,2,32.0
Bandari Layout,900.0,carpet area,2,35.7
Alkapur Township,1200.0,carpet area,2,60.0
Miyapur,1215.0,carpet area,2,65.0
,1260.0,carpet area,3,93.0
Matrusri Nagar,1658.0,super area,3,100.0
Sun City,1800.0,carpet area,4,130.0
Gachibowli,900.0,carpet area,2,79.0
Medchal,1650.0,carpet area,4,78.0
Kompally,1175.0,super area,2,56.4
Dammaiguda,1050.0,carpet area,2,60.0
Miyapur,1200.0,carpet area,3,82.0
Neknampur,1745.0,carpet area,3,96.0
Attapur,2300.0,carpet area,3,96.0
Beeramguda,790.0,carpet area,2,32.0
Kondapur,1469.0,carpet area,3,95.0
Kukatpally,650.0,carpet area,6,98.0
Lalapet,1170.0,carpet area,5,135.0
Peerzadiguda,1170.0,carpet area,2,79.5
Sun City,900.0,carpet area,2,30.0
Nallagandla,1300.0,carpet area,2,88.0
Manikonda,1185.0,carpet area,2,70.0
Rajendra Nagar,3500.0,carpet area,6,125.0
,1050.0,carpet area,2,59.0
Miyapur,1077.0,super area,2,49.5
Upparpally,1695.0,carpet area,4,59.0
Attapur,1275.0,carpet area,3,69.5
K P H B Phase 3,1050.0,carpet area,2,61.0
Nizampet,950.0,carpet area,2,40.0
Nallagandla,1000.0,carpet area,2,67.0
Lingampally-Serilingampally,600.0,carpet area,1,20.0
Golden Habitat,1000.0,carpet area,2,67.0
K P H B Phase 6,1080.0,super area,2,61.0
Bandlaguda Jagir,1100.0,carpet area,2,56.0
Pragathi Nagar,1090.0,carpet area,2,47.0
Attapur,1325.0,carpet area,3,72.0
New Malakpet,1875.0,super area,3,103.0
Beeramguda,994.0,carpet area,2,34.5
Nacharam,1260.0,carpet area,5,105.0
Mayuri Nagar,1075.0,super area,2,61.0
Tarnaka,1200.0,carpet area,3,98.0
Hyder Nagar,1430.0,carpet area,3,78.0
Mohan Nagar,900.0,carpet area,2,40.0
Nizampet,1100.0,carpet area,2,57.0
Vasanth Nagar,1065.0,carpet area,2,68.5
Karmanghat,1200.0,carpet area,3,53.0
Kushaiguda,1000.0,carpet area,3,58.0
Bandlaguda Jagir,1100.0,carpet area,2,110.00000000000001
Gachibowli,1000.0,carpet area,2,68.0
Nizampet,1415.0,carpet area,3,98.0
Bachupally,2100.0,carpet area,4,140.0
Chandanagar,1098.0,carpet area,2,60.0
Dammaiguda,850.0,carpet area,2,30.0
Suchitra Circle,1535.0,carpet area,3,65.0
Kukatpally,1235.0,carpet area,2,84.5
Kondapur,1450.0,carpet area,3,140.0
Miyapur,1490.0,super area,3,67.0
Manikonda,1050.0,carpet area,2,50.0
Nizampet,1150.0,carpet area,2,38.0
Quthbullapur,750.0,super area,2,32.0
Alkapur Township,1125.0,carpet area,2,59.0
Nallagandla,1300.0,carpet area,3,125.0
Patrika Nagar,1200.0,carpet area,2,105.0
Uppal,1150.0,carpet area,3,63.0
Beeramguda,750.0,carpet area,2,32.0
Manikonda,1450.0,carpet area,3,81.0
Ameerpet,1020.0,carpet area,3,62.0
Kapra,1050.0,carpet area,2,50.0
Nagole,1375.0,carpet area,3,65.0
Bachupally,985.0,carpet area,2,47.4
Miyapur,1094.0,carpet area,2,81.0
Hafeezpet,1150.0,carpet area,2,98.0
Dammaiguda,1170.0,super area,2,67.0
Friends Colony,1050.0,carpet area,2,50.0
Begumpet,2014.0,carpet area,3,140.0
Alkapur Township,1237.0,carpet area,2,88.0
Badangpet,950.0,super area,2,36.0
Gachibowli,960.0,carpet area,2,82.0
Lalapet,3500.0,carpet area,4,135.0
Chanda Nagar,792.0,carpet area,2,35.0
Narsingi,1308.0,carpet area,2,76.9
Alwal,400.0,carpet area,1,13.0
Ramakrishnapuram-Neredmet,846.0,carpet area,4,72.0
Mayuri Nagar,1075.0,super area,2,61.0
Pragathi Nagar,1000.0,carpet area,2,47.0
Miyapur,1070.0,super area,2,46.0
Gandhamguda,1700.0,carpet area,3,90.0
Alkapur Township,1155.0,super area,2,52.0
Baba Nagar,1000.0,carpet area,2,44.0
Venkatapuram,865.0,carpet area,2,24.5
Apurupa Colony,400.0,carpet area,1,15.0
Sai Nagar-Kukatpally,1073.0,super area,2,45.0
Ashok Nagar,1677.0,carpet area,3,149.0
HMT Swarnapuri Colony,950.0,carpet area,2,48.0
Bandlaguda Jagir,1031.0,carpet area,2,54.0
Nagaram,1200.0,carpet area,2,80.0
Nagaram,1200.0,carpet area,2,66.0
Toopranpet,700.0,carpet area,2,58.0
Bachupally,1185.0,super area,2,40.0
Nallagandla,875.0,carpet area,2,99.0
Aminpur,1200.0,carpet area,2,96.0
Kondapur,1210.0,carpet area,2,62.0
Cyberabad,1000.0,carpet area,2,93.0
Shamirpet,1500.0,carpet area,3,27.0
Sangareddy,605.0,super area,2,16.0
Barkatpura,1400.0,carpet area,3,105.0
Kondapur,1110.0,carpet area,2,65.0
Kukatpally,700.0,carpet area,2,50.0
Chandanagar,1120.0,carpet area,2,54.0
Quthbullapur,1190.0,super area,2,53.5
Miyapur,1110.0,super area,2,70.0
Nallagandla,1700.0,carpet area,3,122.0
Uppal,1000.0,carpet area,2,72.0
Nallagandla,1960.0,super area,3,145.0
Hanuman Nagar-Boduppal,142.0,carpet area,2,85.0
Miyapur,1094.0,carpet area,2,75.0
Kukatpally Housing Board Colony,1150.0,carpet area,2,75.0
Saroornagar,1250.0,carpet area,3,110.00000000000001
Begumpet,1500.0,carpet area,3,90.0
Puppalaguda,1287.0,super area,2,56.0
Gachibowli,1200.0,carpet area,3,55.0
Adarsh Nagar Colony-Nagole,910.0,carpet area,2,35.0
Moosarambagh,1050.0,carpet area,2,75.0
Gachibowli,1100.0,carpet area,2,110.00000000000001
Suchitra Circle,1100.0,carpet area,2,49.0
Nizampet,1000.0,carpet area,3,48.0
Lalitha Nagar-Nagole,1350.0,super area,1,95.0
Kondapur,1500.0,carpet area,3,92.0
Alluri Seetaramaraju Nagar,1030.0,super area,2,45.0
Nizampet,1100.0,carpet area,2,30.0
Kukatpally,775.0,carpet area,2,45.0
Gajularamaram,1676.0,super area,3,56.8
Aushapur,2194.0,carpet area,4,75.0
Pati,1400.0,carpet area,2,45.0
Wadakpally,2080.0,carpet area,4,90.0
Kollur,1100.0,carpet area,2,47.5
Ghatkesar,12600.0,carpet area,3,80.0
Shadnagar,775.0,carpet area,2,36.0
Pragathi Nagar,1200.0,super area,2,48.0
Kukatpally,1350.0,super area,3,120.0
ECIL,825.0,super area,2,40.0
LB Nagar,1800.0,super area,4,120.0
Medchal,2700.0,super area,4,92.0
Dammaiguda,980.0,super area,2,60.0
Snehapuri Colony,1122.0,carpet area,2,72.0
Jagadgiri Gutta,720.0,super area,2,55.0
Puppalaguda,1200.0,super area,2,52.0
Moula Ali,1135.0,super area,2,48.0
Hayathnagar,1503.0,super area,2,65.0
Ramnagar Gundu,180.0,carpet area,2,36.0
Hasmathpet,1480.0,super area,3,75.0
Pocharam,1200.0,super area,3,45.0
Almasguda,1350.0,carpet area,2,80.0
Toli Chowki,2300.0,super area,3,120.0
Kapra,1300.0,carpet area,3,70.0
Ashok Nagar-Ramachandra Puram,815.0,super area,2,45.0
Hasthinapuram,1454.0,super area,3,100.0
Meerpet,640.0,carpet area,1,25.0
Toli Chowki,870.0,super area,2,45.0
Nizampet,1050.0,super area,2,39.0
Alkapuri,1120.0,super area,2,72.8
Vanasthalipuram,1570.0,super area,3,114.99999999999999
Murad Nagar,1000.0,super area,2,22.0
Indresham,1200.0,carpet area,2,72.5
Jubilee Hills,900.0,super area,4,90.0
Jubilee Hills,1650.0,super area,3,148.0
Vinayak Nagar-Hayathnagar,22.0,carpet area,2,38.0
Osman Nagar,1040.0,super area,2,145.0
Gajularamaram,1800.0,super area,2,75.0
Sainikpuri,1460.0,super area,3,75.0
Saidabad Colony,70.0,carpet area,2,40.0
Uppal,1080.0,super area,1,48.0
Vasanth Nagar Colony,1350.0,carpet area,2,79.0
Kishan Bagh,940.0,super area,2,35.0
Toli Chowki,1095.0,super area,2,42.0
,1100.0,super area,2,25.0
Nizampet,1460.0,super area,3,65.6
Mallapur,1098.0,super area,2,72.0
Santosh Nagar,896.0,carpet area,2,48.0
Moula Ali,990.0,super area,2,45.0
Dammaiguda,1700.0,super area,3,80.0
Kothapet,650.0,carpet area,2,30.0
Trimulgherry,1650.0,super area,3,55.0
Moti Nagar,1118.0,super area,2,65.0
Kondapur,1650.0,super area,3,90.0
Hafeezpet,1020.0,carpet area,2,59.5
Madhapur,1130.0,super area,2,55.0
LB Nagar,1200.0,super area,2,65.0
Murad Nagar,525.0,carpet area,2,25.0
Bandlaguda Jagir,1125.0,super area,2,41.0
Attapur,1400.0,super area,3,56.0
Nacharam,1100.0,carpet area,2,68.0
Nagaram,1000.0,super area,2,35.0
Rakshapuram,100.0,carpet area,1,60.0
Boduppal,1250.0,carpet area,2,90.0
Kukatpally,1300.0,carpet area,3,90.0
Jagathgiri Gutta,720.0,super area,3,42.0
Ambedkar Nagar-Boduppal,720.0,carpet area,1,55.0
Shaikpet,1435.0,super area,3,90.0
Kardhanur,1650.0,carpet area,3,30.0
Srinagar Colony,1570.0,super area,3,100.0
Pragathi Nagar,1035.0,super area,2,48.0
Miyapur,500.0,carpet area,2,35.0
Pragathi Nagar,1030.0,carpet area,2,45.0
Rampally,2000.0,super area,4,75.0
Saroornagar,384.0,carpet area,1,20.0
Ramnagar Gundu,1000.0,super area,2,39.0
Amberpet,845.0,super area,2,38.0
Yella Reddy Guda,925.0,super area,2,55.0
Tirumala Nagar Colony,1215.0,super area,2,58.0
Murad Nagar,900.0,carpet area,3,45.0
Allwyn Colony,900.0,carpet area,2,48.0
Gandhi Nagar,1670.0,carpet area,4,120.0
Kalyan Nagar,1550.0,super area,3,120.0
Malakpet,970.0,carpet area,2,37.5
,980.0,carpet area,2,20.0
Sainathapuram,900.0,carpet area,2,40.0
Kothapet,1407.0,super area,3,96.0
Banjara Hills,1500.0,carpet area,3,98.0
Nacharam,590.0,super area,2,30.0
Kondapur,1800.0,carpet area,3,100.0
Bagh Lingampally,300.0,super area,1,18.0
Puppalaguda,1330.0,super area,2,65.0
Saroornagar,470.0,carpet area,1,20.0
Saroornagar,1083.0,super area,2,60.0
,540.0,carpet area,1,20.0
Uppal,1200.0,super area,2,50.0
Sadashivpet,150.0,carpet area,2,32.0
Nallagandla,1180.0,carpet area,3,74.5
Velimela,1040.0,carpet area,3,39.0
Meerpet,1197.0,super area,4,105.0
Pedda Amberpet,2184.0,carpet area,3,120.0
Ibrahimpatnam,2900.0,carpet area,3,130.0
Yapral,1273.0,super area,2,58.6
Uppal,1000.0,carpet area,2,48.0
Manikonda,768.0,carpet area,2,45.0
Yapral,1160.0,carpet area,2,50.0
Ghatkesar,950.0,carpet area,2,49.0
Gurram Guda,1350.0,carpet area,2,62.0
Pati,1306.0,super area,2,52.2
Gangaram,980.0,carpet area,2,37.0
Chandanagar,450.0,carpet area,1,26.0
Pragathi Nagar,1020.0,super area,2,43.5
Boduppal,850.0,carpet area,2,85.0
Uppuguda,50.0,super area,2,12.0
Saidabad Colony,900.0,carpet area,2,40.0
Hafeez Baba Nagar North,850.0,carpet area,3,25.0
Miyapur,1200.0,super area,2,54.0
B N Reddy Nagar,110.0,carpet area,3,81.0
Vijaya Nagar Colony,1000.0,super area,2,35.0
Vanasthalipuram,870.0,carpet area,2,38.0
Kompally,1080.0,super area,4,70.0
,1000.0,carpet area,2,30.0
Hitech City,1050.0,carpet area,2,70.0
Miyapur,1000.0,carpet area,2,48.0
Shamirpet,1970.0,carpet area,3,75.0
Mallareddy Nagar,1100.0,super area,2,50.0
Nagole,900.0,carpet area,2,40.0
Saroornagar,756.0,super area,1,60.0
Kothur,1890.0,super area,2,45.0
Maheshwaram,1528.0,super area,3,130.0
Pragathi Nagar,1220.0,super area,2,46.0
Attapur,1000.0,carpet area,2,55.0
Vijaynagar Colony,1200.0,carpet area,2,78.0
Kowkur,1500.0,super area,3,52.0
,143.0,carpet area,2,25.0
Manikonda,1550.0,super area,3,65.0
Manikonda,1135.0,super area,2,45.0
Charminar,450.0,super area,1,9.0
Uppal,1050.0,super area,2,52.0
Gachibowli,1000.0,super area,2,60.0
Saroor Nagar East,1098.0,super area,2,55.0
Ganesh Nagar-Nagole,1425.0,carpet area,3,65.0
Isnapur,1323.0,super area,2,70.0
Kapra,1000.0,super area,2,48.0
Bandlaguda,1733.0,super area,3,98.0
Upparpally,1000.0,super area,2,30.0
Mehdipatnam,1358.0,super area,3,80.0
Krishna Reddy Pet,611.0,super area,1,21.0
Addagutta Society,1550.0,super area,3,86.0
Tukkuguda,2000.0,carpet area,3,135.0
Isnapur,1197.0,super area,2,75.0
Kukatpally,1112.0,super area,2,55.0
Sai Nagar-Kukatpally,1000.0,carpet area,2,45.0
,1600.0,carpet area,3,90.0
Nallagandla,730.0,carpet area,2,62.0
Chilka Nagar,2850.0,super area,3,145.0
Chandanagar,1105.0,super area,3,53.2
Shalibanda,1300.0,super area,3,41.0
Karimnagar,3000.0,super area,3,100.0
Toli Chowki,1480.0,super area,4,75.0
P&T Colony,1600.0,carpet area,4,84.0
Moinabad,1100.0,carpet area,4,87.0
Narapally,1584.0,super area,2,75.0
Gachibowli,1460.0,carpet area,3,134.0
Vanasthalipuram,1647.0,super area,3,95.0
Patelguda,2100.0,super area,3,68.0
Siddarth Nagar,1000.0,super area,2,45.0
Lingampally-Serilingampally,1100.0,carpet area,2,70.0
Miyapur,1430.0,super area,3,75.0
Goshamahal,1650.0,super area,3,80.0
Sainikpuri,1200.0,carpet area,3,82.8
Madhapur,1475.0,super area,3,85.0
Kukatpally,1376.0,super area,3,75.0
Kothapet,725.0,super area,2,38.9
Himayatnagar,900.0,super area,5,78.0
Turkayamjal,975.0,carpet area,2,38.0
Karwan,900.0,super area,2,26.5
Gangaram,1140.0,carpet area,3,35.0
Munganoor,1125.0,super area,2,62.0
Rampally,1197.0,super area,2,60.0
Kapra,1159.0,super area,2,46.0
Yakutpura,105.0,carpet area,8,75.0
Yadagirigutta,121.0,super area,2,2.5
Falaknuma,900.0,carpet area,2,28.0
Alwal,1503.0,super area,4,125.0
Gajularamaram,740.0,super area,1,26.5
Rodamestri Nagar,720.0,super area,2,28.0
Borabanda,900.0,super area,2,43.0
Uppal,1200.0,super area,2,94.8
Mustafa Hills,450.0,super area,1,16.0
Gajularamaram,1175.0,carpet area,2,42.0
Alakapur,1275.0,carpet area,2,58.0
Isnapur,2600.0,carpet area,6,90.0
Chintal,100.0,carpet area,2,90.0
Karmanghat,1330.0,super area,3,70.0
Narsingi,1850.0,carpet area,3,100.0
Beeramguda,760.0,super area,2,28.0
Mallika Arjun Nagar,1000.0,carpet area,2,37.0
Pragathi Nagar,1090.0,super area,2,45.0
Chengicherla,900.0,carpet area,2,60.0
Malkajgiri,1350.0,carpet area,2,86.0
Malakpet,1000.0,super area,2,30.0
Miyapur,1285.0,super area,3,68.0
Bachupally,1700.0,carpet area,3,65.0
Bharat Nagar,1180.0,super area,3,60.0
Outer Ring Road,1800.0,carpet area,3,125.0
Kothapet,1080.0,super area,4,120.0
Aminpur,1200.0,super area,2,90.0
Mallapur,1431.0,super area,4,75.0
Kushaiguda,160.0,carpet area,8,130.0
Jalapalli,1080.0,super area,3,54.0
NCL Colony,1000.0,super area,2,110.00000000000001
Cherlapalli,1150.0,super area,2,62.0
Almasguda,999.0,carpet area,2,62.5
Kompally,1160.0,carpet area,2,45.0
Nacharam,1450.0,super area,3,86.0
Kothapet,800.0,carpet area,2,40.0
Abdullapurmet,360.0,super area,1,6.0
Gandhi Nagar,2520.0,super area,6,78.0
Appa junction,1200.0,carpet area,3,85.0
,1834.0,carpet area,3,82.0
Jagadgiri Gutta,1200.0,super area,3,52.0
Jagadgiri Gutta,1200.0,super area,3,52.0
Asif Nagar,1080.0,super area,4,110.00000000000001
Beeramguda,1205.0,super area,2,48.0
Kollur,819.0,carpet area,2,35.0
Banjara Hills,1750.0,super area,3,120.0
Pragathi Nagar,997.0,carpet area,2,38.0
Kukatpally,962.0,super area,2,56.0
Nallagandla,1664.0,super area,3,96.5
Gandhinagar,1090.0,super area,2,55.0
Hafeezpet,1660.0,carpet area,3,110.00000000000001
Subhash Nagar,1100.0,super area,2,45.0
Ruby Block,1520.0,carpet area,3,66.0
Attapur,1365.0,super area,2,45.5
Czech Colony,1650.0,super area,3,140.0
Nizampet,1200.0,carpet area,3,51.7
Balapur,3447.0,super area,3,100.0
Santosh Nagar,420.0,super area,1,25.0
Kukatpally,1125.0,super area,2,55.0
Kondapur,1265.0,super area,2,95.0
Krishna Reddy Pet,1000.0,carpet area,4,98.0
Upparpally,239.0,carpet area,3,67.0
Shaikpet,1700.0,super area,3,110.00000000000001
Anjaneyanagar Colony,990.0,super area,2,60.0
Narsingi,1608.0,super area,3,104.0
Falaknuma,1000.0,carpet area,3,45.0
Toli Chowki,1400.0,super area,3,60.0
Banjara Hills,1430.0,carpet area,3,105.0
Nizampet,2164.0,super area,3,80.0
LB Nagar,1100.0,super area,2,65.0
Gangaram,1615.0,carpet area,3,50.0
Ayyapa Colony,780.0,super area,2,56.0
Balaji Hills Colony,1560.0,super area,3,65.0
Beeramguda,935.0,carpet area,2,39.0
Jubilee Hills,1550.0,carpet area,3,130.0
Manneguda,1134.0,super area,2,46.0
Muppas Panchavati Colony,917.0,super area,2,45.0
Kalimandir,2400.0,carpet area,4,126.0
Mansoorabad,1393.0,carpet area,2,70.0
Himayath Nagar,600.0,carpet area,1,30.0
HMT Swarnapuri Colony,1186.0,carpet area,2,56.0
Huda Complex,850.0,carpet area,2,30.0
Muthangi,150.0,super area,2,65.0
Madinaguda,1720.0,super area,3,68.0
Nallagandla,1635.0,carpet area,3,95.0
,695.0,carpet area,2,25.0
,1353.0,super area,2,65.0
Alkapur Township,1300.0,super area,2,68.0
Golconda Fort,765.0,super area,3,51.0
Patancheru,1200.0,carpet area,2,35.0
Attapur,1050.0,super area,2,50.0
KTR Colony,1308.0,carpet area,2,50.0
Charminar,1100.0,super area,2,44.0
Neknampur,960.0,super area,2,42.0
Kondapur,1530.0,super area,3,89.0
Peerzadiguda,1800.0,super area,3,75.0
Muthangi,150.0,carpet area,2,75.0
Abids,1340.0,super area,2,67.0
Hyder Shah Kote,1870.0,super area,3,65.0
Chanda Nagar,1140.0,carpet area,2,39.0
Ameerpet,980.0,carpet area,2,55.0
Manikonda,1600.0,super area,3,88.0
Bachupally,450.0,carpet area,1,40.0
Pragathi Nagar,1590.0,carpet area,3,65.0
RN Reddy Colony,850.0,carpet area,2,46.5
Chandanagar,950.0,carpet area,2,40.0
Langar Houz,3000.0,super area,6,110.00000000000001
,1395.0,carpet area,3,65.0
Kondapur,1700.0,super area,3,120.0
Toli Chowki,950.0,carpet area,3,58.0
Chandanagar,775.0,carpet area,2,40.0
Kanchan Bagh,1080.0,super area,2,38.0
Abhudaya Nagar Colony,1000.0,carpet area,2,42.0
Bandlaguda,1500.0,super area,3,78.0
Anjaneya Nagar Moosapet,1200.0,carpet area,2,71.0
Almasguda,2600.0,super area,5,105.0
Miyapur,1000.0,super area,3,50.2
Kompally,1270.0,carpet area,2,45.0
Munganoor,1200.0,super area,2,62.0
Begum Bazar,1250.0,super area,2,75.0
Beeramguda,150.0,super area,3,140.0
,1200.0,super area,2,36.0
Osman Nagar,1620.0,super area,2,85.0
Tukkuguda,1000.0,super area,2,75.0
Kukatpally,1200.0,super area,2,67.2
Neknampur,1225.0,super area,2,82.0
Nizampet,1100.0,super area,2,38.0
Shameerpet,1173.0,carpet area,2,20.0
Kistareddypet,1025.0,carpet area,2,28.0
Panchavati Colony,1250.0,super area,3,60.0
Ramakrishnapuram-Neredmet,950.0,super area,2,35.5
Gajularamaram,2276.0,super area,4,110.00000000000001
Saidabad,676.0,carpet area,2,24.0
,1168.0,carpet area,2,59.0
Uppal,1200.0,carpet area,2,125.0
KTR Colony,1100.0,super area,2,37.5
Ramanthapur,108.0,carpet area,2,98.0
Stella Nagaram,200.0,carpet area,4,60.0
Lingampally-Serilingampally,1975.0,carpet area,3,87.0
Nagole,1210.0,super area,2,65.0
Rock Town Colony,1300.0,carpet area,2,60.0
Mustafa Hills,1350.0,carpet area,2,45.0
Khairatabad,900.0,carpet area,2,45.0
Manikonda,1600.0,super area,3,85.0
Kapra,1040.0,super area,2,39.0
Miyapur,1500.0,super area,3,74.3
Sainikpuri,1980.0,super area,3,95.0
Vanasthalipuram,850.0,carpet area,2,75.0
Kollur,1550.0,super area,3,51.4
Gajularamaram,1240.0,super area,2,135.0
Miyapur,1214.0,super area,2,62.0
Bahadurpura,1900.0,carpet area,3,65.0
Masab Tank,1032.0,carpet area,3,85.0
Kompally,1700.0,super area,3,76.0
Gajularamaram,966.0,carpet area,2,40.0
Nallagandla,1600.0,carpet area,3,100.0
Ashok Nagar-Ramachandra Puram,1065.0,super area,2,58.0
Nizampet,3000.0,carpet area,> 10,125.0
Tukkuguda,1000.0,super area,2,75.0
Miyapur,1000.0,carpet area,2,71.0
Nizampet,888.0,carpet area,2,65.8
Beeramguda,1250.0,super area,2,88.0
Mokila,1128.0,super area,2,47.4
Puppalaguda,1583.0,carpet area,3,139.0
Rampally,1350.0,super area,2,58.0
Kollur,400.0,carpet area,2,30.0
Alwal,1354.0,super area,3,68.0
Bandari Layout,1000.0,carpet area,2,38.0
,1800.0,super area,3,72.0
Kowkur,1715.0,super area,3,78.6
Gopanapalli,1315.0,super area,2,79.0
Kompally,1200.0,super area,2,62.0
Kokapet,1555.0,super area,3,101.0
Kollur,1100.0,carpet area,2,65.0
Bandlaguda Jagir,1280.0,super area,2,65.0
Rampally,1400.0,super area,2,75.0
Nizampet,1100.0,super area,2,45.0
Velimela,1630.0,carpet area,3,125.0
Bachupally,1200.0,super area,2,75.0
Kollur,1400.0,carpet area,3,51.0
Madinaguda,1236.0,carpet area,2,85.0
Old Alwal,1100.0,super area,2,54.0
Balanagar,2363.0,super area,3,75.6
Peerzadiguda,1351.0,super area,2,60.8
Kompally,1850.0,super area,3,101.0
Peeramcheru,1396.0,super area,2,76.8
Miyapur,1214.0,super area,2,59.5
Hyderabad-Karimnagar Highway,800.0,super area,2,26.0
Beeramguda,967.0,carpet area,2,52.5
Shadnagar,1350.0,carpet area,3,50.0
Hayat Nagar,2184.0,super area,3,127.0
Kapra,1700.0,super area,3,72.0
Miyapur,1330.0,carpet area,2,59.9
Manikonda,1150.0,carpet area,2,65.0
Pocharam,1325.0,super area,3,56.0
Malakpet,1230.0,super area,2,75.0
Kondapur,1433.0,super area,2,96.0
Bairagiguda,1080.0,super area,2,140.0
Jeedimetla,900.0,carpet area,1,52.0
Kushaiguda,1220.0,super area,3,57.9
Chintal,900.0,carpet area,3,100.0
Bachupally,1535.0,super area,2,76.8
,2000.0,super area,3,86.0
Bachupally,1100.0,super area,2,60.5
Chandanagar,1021.0,super area,2,34.9
Dommara Pochampalle,1219.0,super area,2,45.0
Chandanagar,766.0,carpet area,2,40.8
HMT Swarnapuri Colony,1025.0,super area,2,46.6
Gowdavalli,780.0,super area,1,34.3
Miryalaguda,2340.0,super area,3,99.0
Badangpet,1035.0,super area,2,43.5
Kokapet,1555.0,super area,3,101.0
Bowrampet,980.0,carpet area,2,45.0
Nizampet,1000.0,carpet area,2,45.0
Kukatpally,966.0,super area,2,45.0
Rampally,915.0,super area,2,55.0
Alkapuri,1550.0,super area,3,80.6
Saket,1314.0,super area,2,75.0
Toli Chowki,245.0,carpet area,3,61.1
Ghatkesar,1040.0,super area,4,78.0
Saidabad,900.0,carpet area,2,120.0
Anand Nagar-Khairatabad,843.0,carpet area,2,45.0
Hayat Nagar,1485.0,super area,2,65.0
Gudi Malkapur,1375.0,super area,3,92.0
Shamirpet,1100.0,carpet area,2,19.8
Moti Nagar,1174.0,super area,2,73.3
Manikonda,1907.0,super area,3,120.0
Kondapur,1400.0,carpet area,2,100.0
Meerpet,1075.0,carpet area,2,45.0
Madinaguda,1220.0,super area,2,75.0
Muthangi,1350.0,carpet area,2,65.0
Bachupally,1170.0,carpet area,2,37.0
Beeramguda,2360.0,carpet area,4,98.0
Gowdavalli,1350.0,super area,3,87.7
Gajularamaram,960.0,carpet area,2,59.5
Kollur,1250.0,super area,2,47.0
Manikonda,1520.0,super area,2,78.0
Chanchalguda,1050.0,carpet area,4,30.0
KPHB Road,1650.0,carpet area,3,82.0
Uppal,900.0,super area,2,55.5
International Airport,1600.0,carpet area,3,65.0
Gundlapochampally,900.0,carpet area,2,40.0
Nagaram,1413.0,carpet area,2,68.0
Kondapur,1055.0,super area,2,62.0
Aminpur,1080.0,carpet area,2,48.0
Madhapur,1005.0,carpet area,2,45.8
Shankarpalli Road,800.0,carpet area,2,45.4
LB Nagar,16200.0,carpet area,3,110.00000000000001
Ayyappa Society,1205.0,super area,2,55.0
Gundlapochampally,1352.0,carpet area,3,59.2
Narsingi,1373.0,super area,2,86.0
Narsingi,1200.0,carpet area,2,60.0
Gachibowli,1209.0,carpet area,3,95.8
Himayath Nagar,1180.0,super area,2,85.0
Kapra,2000.0,carpet area,7,75.0
Kukatpally,1452.0,super area,3,85.0
Toli Chowki,1210.0,super area,3,46.7
Qutub Shahi Tombs,1500.0,carpet area,4,140.0
Warasiguda,1485.0,super area,4,54.0
Old Alwal,1125.0,super area,2,82.0
Suchitra Circle,650.0,super area,1,24.0
Krishna Reddy Pet,40.0,carpet area,2,37.0
,695.0,carpet area,2,22.0
Manikonda,1800.0,carpet area,3,85.0
LB Nagar,1550.0,super area,2,74.4
Hyder Nagar,1620.0,super area,6,75.0
Panjagutta Colony,900.0,super area,2,45.0
Uppal,825.0,super area,2,34.0
Nagole,1134.0,super area,5,145.0
Medchal,786.0,super area,2,20.0
Rampally,1350.0,super area,2,53.0
Nizampet,575.0,carpet area,1,23.0
Mehdipatnam,730.0,super area,2,30.0
Manikonda,2353.0,super area,3,108.0
Shamshabad,1429.0,carpet area,3,125.0
Yakutpura,1800.0,super area,5,120.0
Old Bowenpally,1050.0,super area,2,42.0
Gajularamaram,886.0,super area,2,39.0
Krishna Reddy Pet,1100.0,super area,2,38.0
Sainikpuri,1250.0,super area,2,85.0
Santosh Nagar,1060.0,super area,3,48.0
Mayur Marg,1000.0,carpet area,2,75.0
Madinaguda,1220.0,carpet area,2,70.0
Kondapur,1525.0,carpet area,3,110.00000000000001
Kondapur,1450.0,super area,3,75.0
Yerrakunta,1450.0,super area,4,40.0
Suchitra Circle,1034.0,super area,2,55.0
Kompally,1270.0,carpet area,2,55.0
Madinaguda,1680.0,super area,3,95.0
Masab Tank,1402.0,super area,3,112.00000000000001
Yousufguda,1210.0,super area,3,75.0
Manikonda,1350.0,super area,3,69.8
Hyder Shah Kote,900.0,carpet area,2,100.0
Kokapet,1770.0,super area,3,120.0
Karmanghat,1350.0,super area,2,112.99999999999999
Bairagiguda,1350.0,super area,4,90.0
Chandanagar,1285.0,super area,2,75.0
Kismatpur,1000.0,carpet area,2,50.0
Hitech City,900.0,super area,2,76.8
Mettuguda,875.0,carpet area,2,67.0
Dr A.S. Rao Nagar,1275.0,carpet area,2,60.0
Fatima Nagar,450.0,carpet area,1,20.0
Malakpet,1800.0,super area,4,140.0
Toli Chowki,1480.0,carpet area,4,75.0
Badangpet,1620.0,super area,3,101.0
Peerzadiguda,1200.0,carpet area,2,70.0
Kollur,1250.0,super area,2,50.0
Nizampet,1040.0,super area,2,48.0
Bachupally,1260.0,carpet area,2,42.0
Bachupally,1175.0,super area,2,40.0
LB Nagar,1420.0,carpet area,3,85.0
Rampally,950.0,super area,2,36.0
Kukatpally Housing Board Colony,400.0,carpet area,1,27.0
,900.0,super area,2,30.0
Malakpet,180.0,carpet area,4,135.0
Aliabad,1080.0,super area,6,82.0
Nadargul,1350.0,super area,2,68.0
Peerzadiguda,1488.0,super area,3,56.0
LB Nagar,950.0,carpet area,2,50.0
Tellapur,1230.0,super area,2,65.0
Chandanagar,885.0,super area,2,44.0
Bandlaguda Jagir,2600.0,carpet area,3,140.0
Shivaji Nagar,747.0,super area,1,41.5
Kompally,933.0,super area,2,45.0
Manikonda,1825.0,super area,3,91.3
Bolarum,1510.0,super area,3,62.0
Yakutpura,900.0,super area,2,30.0
Aminpur,918.0,super area,2,40.9
Gajularamaram,1125.0,super area,2,50.0
Kings Colony,3600.0,super area,4,126.0
Begum Bazar,900.0,super area,2,35.0
Turkapally,1800.0,super area,2,52.0
Patancheru,1100.0,super area,3,100.0
Quthbullapur,670.0,super area,2,25.0
Aminpur,1200.0,carpet area,3,130.0
Red Hills,1690.0,carpet area,3,95.0
Bapu Nagar-Serilingampally,1515.0,carpet area,3,90.0
Nizampet,1425.0,super area,3,58.0
Krishna Nagar,1100.0,super area,7,110.00000000000001
,1030.0,carpet area,3,22.7
Madinaguda,570.0,super area,1,27.0
Toli Chowki,1150.0,super area,2,48.0
Injapur,1800.0,super area,3,114.99999999999999
Medchal,2350.0,super area,4,100.0
,60.0,carpet area,1,20.0
Amberpet,935.0,super area,2,45.0
Kompally,1450.0,super area,2,58.0
Ramakrishnapuram,1565.0,carpet area,3,114.99999999999999
Prashant Hills,1125.0,super area,2,70.0
Bachupally,1150.0,carpet area,2,48.0
Karwan,1080.0,super area,3,28.0
Beeramguda,1100.0,carpet area,2,40.0
Balapur,1350.0,super area,3,34.0
,1106.0,super area,2,60.0
Miyapur,1800.0,carpet area,3,94.0
Yakutpura,800.0,carpet area,4,70.0
Bachupally,1015.0,carpet area,2,45.0
Hayat Nagar,2000.0,carpet area,2,98.0
Chandanagar,700.0,super area,2,34.0
Gajularamaram,50.0,carpet area,2,39.0
Yella Reddy Guda,1360.0,super area,3,65.0
Chengicherla,1000.0,carpet area,2,67.0
Apurupa Colony,460.0,super area,1,104.0
Lingampally-Serilingampally,1200.0,carpet area,3,82.1
Medipally,1160.0,super area,2,45.0
Gandhinagar-Indira Park Road,918.0,carpet area,2,70.0
Saroornagar,384.0,super area,1,20.0
Serilingampally,950.0,carpet area,2,50.0
Langar Houz,650.0,super area,1,25.0
Bachupally,1100.0,super area,2,50.5
APHB Colony-Moula Ali,675.0,super area,4,70.0
Allwyn Colony,1200.0,carpet area,2,45.0
Gajularamaram,1000.0,carpet area,2,120.0
Alwal,850.0,super area,1,80.0
Chanda Nagar,863.0,carpet area,2,57.0
Gajularamaram,1175.0,carpet area,2,45.0
Kardhanur,1000.0,carpet area,2,20.0
Murad Nagar,980.0,carpet area,2,31.0
Ramachandra Puram,1260.0,carpet area,3,58.0
Beeramguda,600.0,carpet area,1,22.0
Himayat Sagar Village,1140.0,super area,2,60.0
Kompally,2180.0,carpet area,3,109.00000000000001
Subhash Nagar,1035.0,carpet area,2,43.0
Gachibowli,1250.0,carpet area,2,50.0
Kollur,1170.0,super area,2,35.1
Serilingampally,756.0,super area,2,100.0
Mehdipatnam,1000.0,super area,2,50.0
Nagaram,1600.0,super area,3,50.0
LB Nagar,1500.0,super area,3,65.0
Nizampet,1125.0,carpet area,2,46.0
Bandlaguda Jagir,778.0,carpet area,2,28.0
Beeramguda,1000.0,carpet area,2,38.0
Hafeezpet,1645.0,super area,3,91.0
Moula Ali,594.0,carpet area,2,30.0
Toli Chowki,1250.0,super area,2,45.0
Hitech City,1120.0,super area,3,95.0
Toli Chowki,1250.0,super area,3,48.0
Nizampet,1200.0,super area,2,38.0
Nagaram,1350.0,carpet area,2,60.0
Nizampet,1022.0,super area,2,38.0
Moti Nagar,780.0,carpet area,2,30.0
Mythri Nagar,2025.0,super area,3,145.0
Kismatpur,2898.0,super area,4,130.0
Vanasthalipuram,1450.0,super area,3,78.0
Indresham,1113.0,super area,2,33.0
Kapra,900.0,super area,2,65.0
Pocharam,1000.0,super area,2,35.0
Langar Houz,963.0,super area,3,78.0
Sri Balaji Enclave,1503.0,carpet area,2,65.0
Kistareddypet,1020.0,super area,2,36.0
Attapur,116.0,carpet area,4,52.0
Dilsukh Nagar,535.0,super area,1,19.0
Turkayamjal,1350.0,carpet area,2,75.0
Secunderabad,900.0,super area,2,40.0
Patancheru,1800.0,super area,4,78.0
Hyder Nagar,1430.0,super area,3,80.0
Darulshifa,650.0,carpet area,2,25.0
Narsingi,1860.0,super area,3,106.0
Narapally,900.0,super area,2,50.0
Muthangi,2300.0,carpet area,3,89.0
Dammaiguda,2200.0,carpet area,3,80.0
Badangpet,900.0,carpet area,2,62.0
Bhagyanagar Colony,877.0,carpet area,2,55.0
Sri Sai Nagar-Nizampet,565.0,super area,1,25.5
Manikonda,1950.0,super area,3,120.0
Chakanwad,980.0,carpet area,2,72.0
Bakaram,700.0,super area,2,25.0
,1182.0,carpet area,2,29.5
Alkapur Township,1960.0,carpet area,3,120.0
Gajularamaram,1800.0,carpet area,3,85.0
Kukatpally,1600.0,super area,3,110.00000000000001
Toli Chowki,950.0,super area,2,35.0
Boduppal,900.0,carpet area,2,47.0
Bachupally,1050.0,carpet area,2,44.5
,2057.0,carpet area,3,110.00000000000001
Pragathi Nagar,1200.0,super area,2,45.0
Alkapur Township,1170.0,carpet area,2,79.0
,580.0,carpet area,2,25.0
Madhapur,1050.0,super area,2,45.0
Badangpet,900.0,carpet area,2,58.0
Chandrayanguttabalguda,630.0,super area,2,32.0
Beeramguda,1050.0,super area,2,35.0
Boduppal,750.0,carpet area,3,95.0
Quthbullapur,1250.0,carpet area,3,50.0
Gachibowli,1530.0,super area,3,89.0
Manikonda,1500.0,carpet area,2,80.0
Gayathri Nagar,1010.0,carpet area,2,38.0
Beeramguda,1715.0,super area,2,120.0
Hasmathpet,3000.0,super area,4,125.0
,1400.0,carpet area,3,57.0
Moinabad,230.0,super area,3,100.0
Alkapur Township,1350.0,carpet area,2,75.0
Alwal,1200.0,super area,2,56.8
Peerzadiguda,1206.0,super area,2,66.0
Masjid Banda,2214.0,super area,3,88.0
Gajularamaram,1933.0,super area,3,66.0
Khairatabad,360.0,carpet area,1,65.0
Malkajgiri,1019.0,super area,2,50.0
Chanda Nagar,1180.0,carpet area,2,60.0
Gayatri Nagar-Godavari Homes,1402.0,carpet area,3,68.0
Alwal,1350.0,super area,2,45.0
Nizampet,1395.0,super area,3,65.0
Patancheru,2400.0,carpet area,4,114.99999999999999
Arunodaya Colony,1200.0,super area,2,55.0
Nizampet,1850.0,super area,3,78.0
,1800.0,super area,4,90.0
Habsiguda,980.0,super area,2,65.0
Lakdikapul,1190.0,super area,3,120.0
Nacharam,960.0,carpet area,2,56.0
,1390.0,super area,3,60.0
Allwyn Colony,1075.0,super area,2,75.0
Gudimalkapur,1900.0,super area,4,85.0
Rajendra Nagar,495.0,super area,2,30.0
Kondapur,1500.0,super area,3,100.0
Badangpet,1260.0,super area,2,53.0
Patancheru,1550.0,super area,3,100.0
Jam Bagh,1450.0,super area,3,70.0
Kondapur,800.0,carpet area,2,65.0
Malakpet,2016.0,super area,4,87.0
Narapally,1350.0,super area,2,75.0
Attapur,860.0,carpet area,2,45.0
Kachiguda,850.0,super area,1,42.0
Kistareddypet,1335.0,super area,2,46.0
LB Nagar,1135.0,carpet area,2,80.0
Miyapur,1800.0,super area,4,120.0
HUDA Techno Enclave,1500.0,super area,3,114.99999999999999
Kismatpur,2000.0,super area,4,114.99999999999999
Miyapur,1060.0,super area,2,55.0
Bachupally,950.0,carpet area,2,42.8
Hakimpet,1700.0,carpet area,6,110.00000000000001
Moosapet,905.0,super area,2,45.0
Miyapur,1545.0,super area,3,57.0
Raghavendra Nagar,1350.0,super area,3,60.0
Secunderabad,1008.0,super area,2,60.0
Kanchan Bagh,1800.0,super area,4,57.0
Balapur,1170.0,super area,2,49.0
Kondapur,1360.0,super area,2,78.0
Ghatkesar,1050.0,super area,2,30.0
Quthbullapur,1800.0,super area,3,50.0
Pragathi Nagar,1050.0,carpet area,2,46.0
Kakatiya Nagar,1780.0,super area,3,85.0
Ramdev Guda,900.0,carpet area,6,105.0
New Nagole Colony,700.0,super area,2,35.0
Kukatpally,1216.0,super area,2,65.0
Pragathi Nagar,1200.0,super area,2,60.0
Mansoorabad,1260.0,super area,2,85.0
Lalaguda,660.0,carpet area,1,25.0
Miyapur,1100.0,carpet area,2,60.0
Toli Chowki,925.0,super area,2,45.0
Parvathi Nagar-Madhapur,360.0,carpet area,1,86.0
Vishnupuri Colony,2000.0,super area,4,95.0
Masab Tank,1351.0,super area,3,95.0
S.P.Nagar,975.0,carpet area,2,30.0
Toli Chowki,1100.0,super area,3,45.0
Injapur,900.0,super area,2,35.0
Neredmet,1000.0,super area,2,38.0
Beeramguda,2000.0,super area,4,114.99999999999999
Kompally,1550.0,super area,3,75.0
Toli Chowki,1910.0,carpet area,4,77.5
Hayathnagar,2160.0,carpet area,2,85.0
Pragathi Nagar,930.0,carpet area,2,57.5
Gagan Mahal,750.0,carpet area,2,35.0
,40.0,carpet area,1,18.5
Lingampally-Serilingampally,1400.0,super area,2,72.8
Humayun Nagar,1350.0,carpet area,2,50.0
Achi Reddy Nagar,810.0,super area,2,35.0
Dammaiguda,965.0,carpet area,2,27.0
Yadagirigutta,400.0,super area,1,30.0
Shapur Nagar,1260.0,super area,9,110.00000000000001
Boduppal,1065.0,super area,2,43.0
Bajpayee Nagar,1155.0,super area,2,67.0
Rampally,1200.0,super area,2,58.0
Sanath Nagar,700.0,carpet area,1,95.0
Jagruthi Colony,1100.0,super area,2,68.2
Beeramguda,2300.0,carpet area,3,134.0
,1130.0,super area,2,37.0
Krishna Reddy Pet,191.0,carpet area,3,140.0
Shamirpet,1350.0,carpet area,2,72.0
Bandlaguda Jagir,1700.0,carpet area,3,135.0
Yella Reddy Guda,900.0,super area,2,52.0
Kondapur,1175.0,super area,2,65.0
Brindavan Colony-Toli Chowki,1200.0,super area,2,60.0
Sri Ram Colony,900.0,super area,3,55.0
Chengicherla,1400.0,super area,2,54.0
Hafeezpet,1850.0,carpet area,3,95.0
Rampally,1152.0,carpet area,4,95.0
Nizampet,1320.0,super area,3,50.0
Dr A.S. Rao Nagar,1413.0,super area,4,110.00000000000001
Dammaiguda,3000.0,super area,4,120.0
Gachibowli,1000.0,carpet area,3,130.0
Sadashivpet,1485.0,super area,2,15.0
Narsingi,1100.0,carpet area,2,70.0
Paramount Hills,1200.0,carpet area,3,55.0
Vivekananda Nagar,1600.0,super area,3,98.0
Dundigal,780.0,carpet area,2,30.0
Nizampet,1170.0,super area,3,60.0
Miyapur,1350.0,super area,2,73.0
Sri Nagar Colony,1257.0,carpet area,3,70.0
,167.0,carpet area,2,75.0
Dr A.S. Rao Nagar,1030.0,super area,2,44.0
,990.0,carpet area,4,36.0
,1600.0,carpet area,3,76.0
,1000.0,carpet area,2,55.0
,1500.0,super area,2,80.0
Jam Bagh,1450.0,super area,3,66.0
Shamirpet,1000.0,carpet area,2,19.8
Pragathi Nagar,1000.0,super area,2,39.0
Malakpet,1175.0,super area,2,42.0
Kokapet,1540.0,super area,3,100.0
Bachupally,1535.0,super area,2,76.8
Kukatpally,1100.0,super area,2,74.3
Nagaram,4500.0,super area,4,100.0
Kokapet,1085.0,super area,2,48.0
Shamirpet,1000.0,carpet area,2,22.5
Shamirpet,1100.0,carpet area,2,20.0
Kompally,1130.0,super area,3,45.0
RTC Colony-Chandanagar,935.0,super area,2,60.0
Prem Nagar-Hafeezpet,1044.0,carpet area,3,80.0
Vidyanagar,1585.0,super area,3,100.0
Humayun Nagar,850.0,carpet area,2,40.0
Rock Town Colony,800.0,carpet area,2,29.5
Nizampet,1175.0,super area,2,59.0
,1167.0,carpet area,2,60.0
Ameerpet,1200.0,carpet area,2,95.0
Miyapur,1050.0,carpet area,2,42.0
Nagole,1066.0,carpet area,2,64.0
Dilsukh Nagar,870.0,super area,2,46.0
Gopanapalli,1200.0,super area,2,51.8
Shaikpet,1760.0,super area,3,125.0
Nagaram,891.0,carpet area,2,50.0
Boduppal,1800.0,carpet area,2,120.0
Beeramguda,150.0,carpet area,4,122.0
Sainikpuri,2200.0,carpet area,4,135.0
NRSA colony,1100.0,super area,2,72.0
,1640.0,super area,3,55.0
Gangaram,,,2,70.0
Sainikpuri,1650.0,carpet area,3,123.0
Bachupally,800.0,super area,1,38.0
Uppal,605.0,super area,1,27.0
,750.0,super area,4,70.0
,80.0,carpet area,2,80.0
Shamirpet,1050.0,carpet area,2,18.0
Bhanoor,1620.0,carpet area,4,40.0
Mokila,1000.0,super area,2,40.0
Beeramguda,1250.0,carpet area,2,75.0
Nizampet,900.0,carpet area,2,59.9
Puppalaguda,1050.0,carpet area,2,50.0
Alwal,5400.0,super area,5,120.0
Kompally,1800.0,super area,3,85.0
Alwal,1158.0,super area,2,58.0
Nadergul,1200.0,carpet area,2,85.0
Kompally,800.0,super area,2,42.0
Nagaram,850.0,super area,2,34.0
,360.0,carpet area,3,52.0
KPHB Road,950.0,carpet area,2,70.0
Habsiguda,634.0,super area,1,27.0
Bandari Layout,975.0,super area,2,40.0
Narapally,1113.0,carpet area,2,54.0
,1600.0,carpet area,2,95.0
Hitech City,1039.0,carpet area,3,54.2
Bapu Nagar-Sanjeeva Reddy Nagar,1000.0,carpet area,4,55.0
Kompally,1170.0,super area,3,145.0
Nizampet,1150.0,carpet area,2,48.0
,1640.0,carpet area,3,123.0
,1350.0,carpet area,2,95.0
,962.0,carpet area,2,41.3
Isnapur,150.0,carpet area,2,20.0
Troop Bazaar,1260.0,carpet area,3,80.0
Meerpet,800.0,carpet area,1,35.0
Isnapur,1800.0,carpet area,2,80.0
Moosapet,1000.0,carpet area,2,65.0
,1584.0,super area,2,90.0
Miyapur,1200.0,super area,2,62.1
Chanda Nagar,700.0,carpet area,2,75.0
Alwal,1200.0,carpet area,2,60.0
,1080.0,carpet area,2,48.0
Miyapur,1200.0,super area,2,55.0
Bachupally,1474.0,super area,3,45.0
,1175.0,carpet area,2,38.0
Manikonda,1150.0,super area,2,65.0
Bachupally,1500.0,super area,3,75.0
Maruthi Nagar,1600.0,super area,2,120.0
,810.0,carpet area,2,25.0
Rampally,1206.0,carpet area,4,85.0
Gayatri Nagar,840.0,super area,2,45.0
,1260.0,carpet area,3,55.0
Kukatpally,930.0,super area,2,67.0
Beeramguda,2000.0,carpet area,4,125.0
Marredpally,1535.0,super area,3,119.0
Hayathnagar,1200.0,super area,3,114.99999999999999
Medchal,1300.0,super area,2,42.0
Narsingi,1150.0,super area,2,53.0
Hitech City,2015.0,super area,3,145.0
Nizampet,1150.0,super area,2,48.0
Mayur Marg,700.0,carpet area,2,45.0
Seetaphalmandi,1485.0,super area,3,140.0
Navodaya Colony-Kukatpally,1135.0,super area,2,82.0
,900.0,carpet area,2,38.0
,1145.0,carpet area,2,68.0
Kokapet,1200.0,super area,2,82.7
Suraram,1120.0,super area,2,40.3
Serilingampally,1100.0,carpet area,2,75.0
Medchal,1000.0,super area,2,30.0
Budwel,900.0,super area,4,55.0
Charlapally Central Jail,1400.0,super area,2,95.0
,1475.0,super area,3,69.0
Miyapur,1500.0,super area,3,77.6
Telecom Nagar,1178.0,super area,2,103.0
Yellamma Banda,720.0,carpet area,2,66.0
,1130.0,carpet area,2,46.0
Ahmadguda,1053.0,super area,7,75.0
Almasguda,1000.0,carpet area,2,80.0
Miyapur,1200.0,super area,2,60.5
Ragannaguda,1377.0,super area,2,53.0
Alkapur Township,1200.0,super area,2,67.3
Pragathi Nagar,1475.0,carpet area,3,52.0
Shivam Rd,850.0,super area,2,56.0
Ibrahimpatnam Road,2900.0,super area,3,125.0
,672.0,super area,1,25.0
Chandanagar,1250.0,super area,2,80.0
Malakpet,1165.0,carpet area,2,56.0
Ghatkesar,1050.0,super area,2,33.0
Balaji Colony,628.0,carpet area,2,60.0
Manneguda,2300.0,super area,3,110.00000000000001
Rampally,1280.0,carpet area,2,55.0
Janachaitanya colony,1135.0,super area,2,80.0
Kondapur,1500.0,super area,2,100.0
Upperpally,930.0,super area,2,35.0
Kukatpally,630.0,carpet area,1,44.0
Peerzadiguda,3750.0,super area,5,125.0
Kokapet,1945.0,super area,3,145.0
,1500.0,super area,3,60.0
Muthangi,1206.0,super area,2,96.0
Toli Chowki,2880.0,super area,6,140.0
,1710.0,carpet area,2,60.0
,1270.0,super area,2,55.0
Madinaguda,1300.0,super area,2,72.1
Kukatpally,1600.0,super area,3,107.0
Alwal,1030.0,super area,2,55.0
,663.0,super area,1,28.0
,145.0,carpet area,3,105.0
,1205.0,super area,2,66.0
Dundigal,1350.0,super area,2,72.0
,776.0,super area,2,30.0
Moula Ali,1250.0,carpet area,3,59.0
Saidabad,1450.0,super area,3,90.0
Isnapur,1000.0,carpet area,2,55.0
Jai Jawan Colony,3150.0,super area,6,135.0
Muthangi,1215.0,carpet area,5,130.0
Chandanagar,1200.0,super area,2,55.0
Madinaguda,1155.0,super area,2,58.5
Karkhana,1200.0,carpet area,3,65.0
,1320.0,carpet area,3,99.9
,1338.0,carpet area,3,130.0
Beeramguda,900.0,super area,2,35.6
Shaikpet,1550.0,carpet area,3,135.0
Badangpet,600.0,super area,1,43.0
Nizampet,1200.0,super area,2,55.3
Nagaram,1100.0,carpet area,2,42.0
Charminar,1800.0,super area,3,100.0
Narsingi,1325.0,super area,2,87.0
Bhagya Nagar Colony,1000.0,super area,2,50.0
Bachupally,1280.0,super area,2,48.6
Katedan Industrial Area,2394.0,super area,3,85.0
,1980.0,super area,6,79.0
,102.0,super area,1,75.0
Hyder Nagar,1200.0,super area,2,65.0
Gajularamaram,1000.0,super area,2,45.4
,650.0,carpet area,2,35.0
Financial District,980.0,super area,2,68.0
Hyderabad Expressway,500.0,super area,1,20.0
Kalyan Nagar-Moti Nagar,1280.0,super area,3,69.0
Sri Venkateshwara Colony,600.0,carpet area,2,35.0
Sikh Village,1000.0,super area,2,60.0
,760.0,carpet area,2,35.0
Gandhi Nagar,800.0,super area,2,55.0
,1350.0,carpet area,3,45.0
Mailardevpally,1125.0,carpet area,2,85.0
Gachibowli,1060.0,carpet area,2,77.5
Bhavani Nagar Colony Peeramcheru,1568.0,carpet area,3,70.0
Nizampet,1180.0,super area,2,42.0
BHEL Employees Co-operative Housing Society,1800.0,super area,2,140.0
Velimela,200.0,carpet area,2,55.0
Kurmaguda,1305.0,super area,3,95.0
Padmanagar Phase I,600.0,carpet area,2,33.0
Muthawalliguda,1125.0,carpet area,2,55.0
Madannapet,750.0,carpet area,2,35.0
Sangareddy,210.0,carpet area,2,105.0
Shameerpet,980.0,carpet area,2,45.0
Budwel,1000.0,super area,2,85.0
Jam Bagh,1300.0,super area,3,80.0
Nagole,1450.0,carpet area,2,105.0
Khaja Guda,1377.0,carpet area,3,140.0
Santosh Nagar,1270.0,super area,3,57.0
Borabanda,110.0,super area,3,70.0
Pragathi Nagar,1200.0,carpet area,2,55.0
Nizampet,1095.0,carpet area,2,65.0
Chitkul,1000.0,carpet area,2,58.0
Hafiz Baba Nagar,918.0,super area,3,72.0
APHB Colony-Moula Ali,50.0,super area,1,26.0
,797.0,super area,2,28.0
Old Bowenpally,1523.0,carpet area,3,100.0
Badangpet,1260.0,super area,3,60.0
Miyapur,1100.0,carpet area,2,52.5
,975.0,carpet area,2,43.0
,1400.0,carpet area,3,65.0
Nizampet,1130.0,carpet area,2,55.0
Bachupally,1335.0,super area,2,54.0
Nizampet,1055.0,super area,2,48.0
Yousufguda,1350.0,super area,6,90.0
Hastinapuram,2260.0,super area,3,85.0
Manikonda,1475.0,carpet area,3,75.0
,850.0,carpet area,2,40.0
,1140.0,carpet area,2,60.0
,1800.0,super area,3,107.0
Gajularamaram,1150.0,super area,2,48.0
Gopanapalli,2000.0,super area,3,110.00000000000001
Kistareddypet,1050.0,super area,2,39.0
,900.0,super area,2,43.0
Kistareddypet,1350.0,carpet area,2,135.0
,1075.0,carpet area,2,37.0
Bandlaguda Jagir,1310.0,super area,2,64.0
BN Reddy Nagar ,950.0,super area,2,55.0
Manikonda,2000.0,super area,4,80.0
Mohan Nagar,680.0,carpet area,2,28.0
,1050.0,super area,2,47.0
Gandi Maisamma,3400.0,super area,5,130.0
Narsingi,1314.0,super area,2,114.99999999999999
Moosapet,910.0,super area,2,53.0
Nandigama,152.0,carpet area,2,40.0
Almasguda,1350.0,super area,2,110.00000000000001
Bachupally,1075.0,super area,2,45.0
Bowrampet,1660.0,carpet area,3,140.0
,1197.0,super area,2,110.00000000000001
Kakatiya Hills,1150.0,carpet area,2,45.5
,1190.0,super area,> 10,35.0
,975.0,carpet area,2,26.0
Bachupally,1100.0,super area,2,37.0
AG Colony,1150.0,super area,2,77.0
Venkataramana Colony,1850.0,super area,3,80.0
Ibrahimpatnam Road,1800.0,super area,2,55.0
Malakpet,1260.0,super area,3,75.0
Rajendra Nagar,1008.0,super area,2,38.8
Triveni nagar,1200.0,super area,2,65.0
,1200.0,super area,2,80.0
,1450.0,super area,3,50.0
Saidabad,1359.0,super area,3,68.0
Kondapur,1800.0,super area,3,120.0
,880.0,carpet area,2,52.0
Kowkur,1000.0,super area,2,45.0
Khaja Guda,1053.0,carpet area,2,95.0
Suchitra Circle,1350.0,super area,3,68.6
Kukatpally,1100.0,super area,2,73.8
Manikonda,1058.0,super area,2,60.0
Langar Houz,540.0,super area,1,17.0
Phool Bagh,60.0,carpet area,2,24.0
,1100.0,super area,2,35.0
Panchasheel Enclave,1450.0,super area,3,135.0
Nizampet,1365.0,super area,3,45.0
,1295.0,super area,2,60.0
Kompally,1175.0,super area,2,62.3
,1250.0,super area,2,65.0
Begumpet,1450.0,super area,3,65.0
Pragathi Nagar,1000.0,super area,2,45.1
Saidabad,1020.0,carpet area,2,55.0
Injapur,980.0,super area,1,52.0
Mansoorabad,1075.0,super area,2,52.0
Gachibowli,1500.0,super area,3,80.0
Kakatiya Nagar,1058.0,super area,2,45.0
,700.0,carpet area,2,130.0
Kollur,1870.0,super area,3,100.0
,1650.0,super area,3,82.0
Dammaiguda,1000.0,super area,3,84.0
Triveni nagar,1150.0,super area,2,46.0
,1750.0,super area,3,112.00000000000001
Beeramguda,825.0,super area,2,32.0
Pragathi Nagar,1400.0,carpet area,3,53.0
,1450.0,super area,3,110.00000000000001
Golkonda Khurd,1357.0,super area,3,46.0
,812.0,carpet area,2,45.0
Bahadurpura West,1090.0,carpet area,2,60.0
Beeramguda,1510.0,super area,3,46.0
,1300.0,super area,2,83.0
Osman Nagar,1652.0,super area,3,75.0
Tarnaka,1030.0,carpet area,2,60.0
Velimela,1665.0,carpet area,3,50.0
Manneguda,900.0,super area,2,75.0
ECIL,950.0,carpet area,2,55.0
Peerzadiguda,850.0,super area,2,30.0
Rahmath nagar,1200.0,carpet area,4,59.0
P & T Colony-Dilsukh Nagar,540.0,carpet area,1,28.0
Kukatpally,1010.0,super area,2,75.0
Rakshapuram Colony,2430.0,super area,8,85.0
Ganesh Nagar-Quthbullapur,900.0,super area,2,50.0
Nampally,1200.0,super area,2,50.0
Quthbullapur,1000.0,super area,3,40.0
,450.0,carpet area,1,25.0
Rajendra Nagar,1424.0,carpet area,3,63.0
Saidabad,1200.0,super area,3,54.0
,1118.0,carpet area,3,47.0
Jeedimetla,3800.0,carpet area,6,130.0
Borabanda,1140.0,super area,2,80.0
,1150.0,super area,2,50.0
Shameerpet,2050.0,carpet area,3,125.0
,1166.0,super area,2,40.0
Chandrayanguttabalguda,1125.0,super area,3,140.0
Lingampally-Serilingampally,825.0,super area,2,40.0
Sangareddy,1800.0,super area,4,66.0
Kondapur,1476.0,super area,3,110.00000000000001
Bahadurpura,1100.0,super area,2,55.0
,1340.0,super area,3,65.0
Nagaram,1280.0,super area,2,49.0
,1230.0,super area,3,58.0
Anand Nagar Colony ,1475.0,super area,3,87.0
Attapur,2282.0,super area,3,125.0
Habsiguda,1590.0,carpet area,3,95.0
Rampally,1080.0,carpet area,2,65.0
Kanaka Durga Colony,1200.0,carpet area,2,130.0
Kowkur,1665.0,super area,3,75.0
Balapur,900.0,super area,2,46.0
,1629.0,super area,3,89.0
Yapral,1500.0,carpet area,3,78.0
Kukatpally,1133.0,super area,2,90.0
Financial District,970.0,super area,2,72.0
,1120.0,super area,2,65.0
Turkayamjal,2600.0,carpet area,2,110.00000000000001
Khairatabad,500.0,super area,2,30.0
Attapur,1692.0,super area,3,80.0
Attapur,1638.0,super area,2,145.0
,810.0,carpet area,2,35.0
,1050.0,super area,2,60.0
Shameerpet,1000.0,super area,2,25.0
Bachupally,1000.0,carpet area,2,45.0
Rampally,990.0,super area,2,63.0
Chengicherla,1800.0,carpet area,3,95.0
Kukatpally,1080.0,carpet area,2,66.0
,1030.0,carpet area,2,85.0
Kardhanur,1160.0,carpet area,2,45.0
Medipally,1001.0,carpet area,2,49.0
Madannapet,1000.0,super area,2,45.0
,1100.0,super area,2,27.5
Miyapur,920.0,carpet area,2,58.0
,1515.0,carpet area,3,80.0
Begumpet,1156.0,carpet area,3,97.0
Dammaiguda,1620.0,super area,4,100.0
Nizampet,1160.0,carpet area,2,72.0
,1050.0,carpet area,2,50.0
Srinivas Nagar,430.0,super area,1,24.0
Pragathi Nagar,1500.0,super area,3,65.0
,545.0,carpet area,2,13.5
Dhool Pet,3056.0,super area,4,120.0
Bachupally,1175.0,super area,2,76.0
,1260.0,super area,2,101.0
Hastinapuram,1175.0,super area,2,50.0
Bandlaguda Jagir,1686.0,carpet area,3,95.0
Madhava Nagar Colony,980.0,super area,2,42.0
LB Nagar,926.0,carpet area,2,77.0
Nacharam,1420.0,super area,2,58.0
Laxmiguda,900.0,super area,2,78.0
Ibrahim Bagh,900.0,super area,1,55.0
Hanuman Nagar-Meerpet,1265.0,super area,,60.0
Green Park Enclave,1045.0,carpet area,2,99.0
Manikonda,1385.0,super area,3,110.00000000000001
Bollaram,1065.0,super area,2,47.0
Kowkur,850.0,carpet area,2,34.0
,1800.0,super area,2,98.0
Himayatnagar,1836.0,super area,10,60.0
Nagaram,1350.0,super area,2,70.0
Neknampur,1403.0,super area,2,80.0
,1400.0,super area,3,49.0
,1300.0,super area,3,81.0
Isnapur,1197.0,super area,4,85.0
,1000.0,super area,3,45.5
Hafeez Baba Nagar North,828.0,super area,2,39.0
,960.0,carpet area,2,38.0
Yamnampet,650.0,carpet area,2,48.0
Miyapur,830.0,carpet area,2,43.0
Shankarpalli Road,980.0,carpet area,2,37.0
Miyapur,1280.0,carpet area,2,80.0
Borabanda,940.0,carpet area,2,60.0
,532.0,carpet area,1,27.0
Turkapally,1100.0,super area,2,25.0
Rajendra Nagar,1100.0,super area,2,44.0
Kompally,600.0,super area,1,24.0
Bank Colony-Kapra,1000.0,carpet area,2,35.5
Manikonda,1180.0,carpet area,2,60.0
Sainikpuri,1800.0,super area,3,120.0
RTC Colony-Chandanagar,1675.0,carpet area,3,110.00000000000001
Kompally,1000.0,super area,2,45.0
Begumpet,1200.0,super area,2,45.0
Kukatpally,896.0,super area,2,90.0
RTC Supervisors Colony,1100.0,super area,2,56.0
Saroornagar,800.0,super area,2,60.0
Chintal,750.0,carpet area,2,35.0
Yadagirigutta,400.0,super area,1,18.0
,196.0,carpet area,2,52.0
,3258.0,super area,3,35.0
Hema Nagar,2050.0,super area,2,85.0
Bahadurpally,540.0,carpet area,2,40.0
Amberpet,1025.0,carpet area,2,70.0
,900.0,super area,2,22.0
Saroornagar,2450.0,super area,3,110.00000000000001
,1200.0,super area,3,42.0
Dammaiguda,1584.0,super area,2,80.0
Mallapur,1200.0,super area,3,50.0
Puppalaguda,1583.0,carpet area,3,127.0
Puppalaguda,1525.0,super area,3,83.9
Miyapur,1176.0,carpet area,2,55.0
Toli Chowki,1080.0,super area,2,59.4
Mehdipatnam,,,,71.1
Miyapur,900.0,super area,2,55.0
Sanjiv Reddy Nagar,1260.0,super area,1,140.0
Nizampet,1206.0,super area,2,67.0
Pati,920.0,carpet area,2,34.6
Balkampet,1726.0,carpet area,3,136.0
Patancheru,1500.0,carpet area,3,45.0
Miyapur,1100.0,super area,2,54.5
Peerzadiguda,1260.0,super area,2,48.0
Himayath Nagar,657.0,carpet area,4,120.0
Medipally,980.0,carpet area,2,41.0
Miyapur,900.0,carpet area,2,55.2
Inamguda,925.0,super area,2,55.0
Manikeshwari Nagar,1170.0,carpet area,4,105.0
Yadagirigutta,500.0,carpet area,,27.0
Miyapur,1080.0,carpet area,2,55.0
Attapur,1000.0,super area,2,40.0
,1503.0,super area,2,120.0
Bapu Nagar-Langar Houz,125.0,carpet area,3,120.0
,1600.0,carpet area,3,54.0
Charminar,1026.0,super area,4,130.0
Sangareddy,1010.0,super area,2,34.0
Adibatla,1100.0,super area,2,38.0
,1130.0,super area,2,60.0
Beeramguda,2700.0,super area,4,130.0
Nallagutta,1489.0,super area,3,65.0
Bandlaguda Jagir,1200.0,super area,2,130.0
Balapur,1250.0,carpet area,2,71.0
Kothapet,1930.0,super area,3,149.0
Medchal,5400.0,super area,6,145.0
Mansoorabad,916.0,super area,2,36.0
Fathenagar,4000.0,super area,9,125.0
Narsingi,1740.0,super area,3,85.0
Almasguda,1100.0,carpet area,2,50.0
,1728.0,super area,3,75.0
,930.0,super area,2,28.5
Pragathi Nagar,1710.0,super area,3,70.0
Rampally,1000.0,carpet area,2,65.0
Maruthi Nagar,686.0,super area,1,25.0
,921.0,super area,3,27.0
Puppalaguda,1680.0,carpet area,3,90.0
Manneguda,1300.0,super area,2,67.0
Chandrayanagutta,900.0,super area,3,35.0
Badangpet,1350.0,carpet area,2,125.0
Manikonda,465.0,carpet area,1,26.5
,1152.0,carpet area,2,100.0
Kompally,930.0,super area,2,55.0
Miyapur,1620.0,super area,3,145.0
Bandlaguda Jagir,1250.0,carpet area,2,56.0
Sivanarayanapuram,900.0,super area,2,45.0
Ghatkesar,1377.0,super area,2,75.0
Attapur,2200.0,carpet area,4,125.0
Manikonda,1535.0,super area,3,75.0
,1050.0,super area,2,50.0
Tukkuguda,1130.0,super area,2,45.2
,2250.0,super area,4,100.0
Sai Ram Colony,1000.0,super area,2,45.0
Pocharam,1250.0,super area,2,45.4
Kukatpally,1250.0,super area,3,90.0
Kukatpally,250.0,carpet area,1,13.0
Pochhama Basti,1134.0,carpet area,2,120.0
Tellapur,2000.0,super area,3,110.00000000000001
Jeedimetla,1170.0,super area,2,50.0
Saroornagar,1540.0,carpet area,3,90.0
Nagole,1560.0,carpet area,3,110.00000000000001
Jagadgiri Gutta,450.0,super area,1,55.0
Patancheru,886.0,super area,2,36.0
Jahanuma,1000.0,super area,3,85.0
Rajendra Nagar,2300.0,carpet area,6,145.0
Patancheru,950.0,carpet area,2,34.0
Gajularamaram,1150.0,super area,2,50.6
Nanakram Guda,1935.0,super area,3,140.0
Kollur,1200.0,super area,2,37.5
Bandlaguda,1180.0,super area,2,60.0
Chandrayanguttabalguda,1530.0,super area,3,85.0
Toli Chowki,1250.0,super area,2,60.0
Ghatkesar,1440.0,carpet area,3,75.0
Manikonda,1150.0,super area,2,65.0
Shamshabad,5312.0,super area,6,149.0
Boduppal,1000.0,super area,2,43.0
,719.0,super area,2,40.0
Srinivas Nagar,47.0,super area,1,29.5
Lalapet,1350.0,super area,4,125.0
Pocharam,1895.0,super area,3,65.0
,950.0,carpet area,2,40.0
Manikonda,1050.0,super area,2,52.0
Alkapur Township,1250.0,carpet area,2,72.0
Gajularamaram,1005.0,super area,2,48.0
Shamshabad,900.0,super area,2,50.0
Suraram,1020.0,super area,2,40.0
,1150.0,carpet area,2,90.0
Sadashivpet,1800.0,carpet area,2,45.0
Chandanagar,1420.0,super area,3,71.0
Tellapur,1505.0,super area,3,75.0
Isnapur,197.0,carpet area,3,110.00000000000001
,2600.0,super area,4,130.0
Dammaiguda,1915.0,super area,2,50.0
,1530.0,super area,3,70.0
Boduppal,1024.0,super area,2,41.0
Gachibowli,1300.0,super area,2,100.0
Aminpur,1050.0,carpet area,2,51.0
Almasguda,1240.0,super area,2,75.0
Salala Barkas,1440.0,carpet area,7,65.0
Boduppal,1134.0,carpet area,2,120.0
Dammaiguda,125.0,carpet area,2,62.0
Matrusri Nagar,1350.0,super area,1,60.0
Beeramguda,1000.0,super area,2,55.0
New Malakpet,5000.0,super area,4,125.0
,1100.0,super area,2,72.0
Rampally,1100.0,carpet area,2,65.0
Dammaiguda,1150.0,carpet area,3,61.8
Uppal,1500.0,super area,2,76.4
Dundigal,780.0,carpet area,2,31.0
,1150.0,carpet area,2,79.0
Shamirpet,905.0,carpet area,2,22.0
Thorrur,900.0,carpet area,1,35.0
R K Puram,1250.0,super area,2,52.0
,1380.0,super area,3,75.9
Namalagundu,600.0,super area,1,22.0
Kondapur,1480.0,super area,3,100.0
Ragannaguda,600.0,super area,2,75.0
,675.0,carpet area,5,100.0
Beeramguda,500.0,super area,1,25.0
Dammaiguda,1660.0,super area,2,105.0
,1560.0,super area,3,62.0
,155.0,carpet area,2,125.0
Ram nagar,150.0,super area,2,15.0
Nagaram,1200.0,carpet area,4,130.0
Hafeezpet,1490.0,super area,3,95.0
Nandigama,1105.0,super area,2,47.0
,1100.0,carpet area,2,55.0
Patancheru,1200.0,carpet area,2,30.0
Narsingi,1380.0,super area,2,94.0
Uppal,2500.0,super area,4,100.0
Miyapur,1090.0,super area,2,61.0
Upparpally,1000.0,super area,2,85.0
Meerpet,1650.0,super area,4,65.0
Hanuman Nagar-Meerpet,1415.0,super area,3,68.5
Shastripuram,1750.0,super area,5,95.0
Nadargul,1250.0,super area,2,105.0
Chandrayanguttabalguda,1000.0,super area,2,65.0
,1265.0,super area,2,65.0
,1180.0,super area,3,47.0
Tellapur,1950.0,carpet area,3,135.0
Kompally,950.0,super area,2,42.8
Indra Nagar,720.0,super area,2,90.0
Kompally,1680.0,super area,3,90.0
Pragathi Nagar,800.0,super area,2,42.0
,1998.0,super area,3,90.0
Chengicherla,1350.0,super area,2,65.0
,1000.0,carpet area,2,65.0
,1545.0,carpet area,3,120.0
Kothapet,850.0,carpet area,2,45.0
Sayeedabad,1000.0,super area,2,45.0
Gajularamaram,1132.0,super area,2,56.0
Mamatha Nagar Colony,977.0,carpet area,2,77.0
Bahadurpura,75.0,carpet area,3,75.0
Saidabad Colony,1200.0,super area,2,70.0
Film Nagar,1050.0,carpet area,2,60.0
Madhapur,1000.0,super area,2,83.7
Adibatla,1100.0,super area,2,55.0
Gajularamaram,1485.0,super area,2,60.0
Manikonda,1046.0,super area,2,55.0
Gajularamaram,1000.0,super area,2,41.0
,1000.0,super area,2,50.0
Nizampet,1125.0,super area,2,46.0
Kompally,1521.0,carpet area,3,105.0
,1740.0,super area,3,145.0
Kondapur,1675.0,super area,3,95.0
Pragathi Nagar,950.0,carpet area,2,53.0
Old Malakpet,850.0,super area,2,28.0
Bolarum,3240.0,super area,4,140.0
Vasanth Nagar Colony,1175.0,super area,2,42.0
Kompally,1125.0,carpet area,2,65.0
Alkapur Township,1940.0,carpet area,3,90.0
Mithila Nagar-Meerpet,1150.0,super area,2,45.0
Gajularamaram,1530.0,super area,3,65.8
,1180.0,carpet area,3,49.0
Manikonda,1305.0,carpet area,3,70.0
Phanigiri Colony,813.0,super area,2,26.0
Dammaiguda,1197.0,carpet area,3,80.0
Lingampally-Serilingampally,725.0,carpet area,2,34.0
Nizampet,1090.0,super area,2,45.0
Hayathnagar,1250.0,carpet area,2,98.0
Serilingampally,700.0,super area,2,35.0
Hayathnagar,870.0,carpet area,2,50.0
,1302.0,carpet area,3,82.0
Sivaganga Colony,1125.0,carpet area,2,70.0
,1250.0,super area,2,55.0
New Green City,1350.0,super area,6,85.0
,1750.0,carpet area,3,58.0
Gowliguda,1180.0,carpet area,2,100.0
Hafeezpet,2000.0,super area,3,103.0
Chandrayanagutta,900.0,super area,4,80.0
Nagaram,1395.0,carpet area,4,110.00000000000001
Hayat Nagar,1500.0,carpet area,3,65.0
,930.0,carpet area,2,48.0
,100.0,carpet area,2,50.0
Thumkunta,1086.0,carpet area,2,36.0
Mallapur,1200.0,super area,2,70.0
Bongloor,1075.0,super area,2,57.0
Nallagandla,1475.0,super area,3,90.0
Badangpet,1200.0,super area,2,80.0
Saidabad Colony,1340.0,super area,3,63.0
Lingampally-Serilingampally,1250.0,super area,2,59.0
APHB Colony,1650.0,carpet area,3,127.0
Beeramguda,1080.0,super area,2,46.0
,1482.0,super area,3,105.0
Neknampur,1315.0,super area,3,75.0
Omer Colony,738.0,carpet area,6,55.0
Miyapur,1500.0,carpet area,3,75.0
Lal Darwaza,1300.0,carpet area,3,40.0
,925.0,super area,2,39.0
Tarapuri Colony,1250.0,super area,2,54.0
KPHB Road,940.0,carpet area,1,38.0
,810.0,super area,2,27.0
Mallampet,850.0,carpet area,2,37.0
Keesara,550.0,carpet area,2,30.0
Kardhanur,1050.0,carpet area,2,27.3
Gachibowli,1283.0,carpet area,2,99.0
Kompally,1250.0,super area,2,61.0
Bandlaguda Jagir,1300.0,super area,3,70.0
Chengicherla,1200.0,carpet area,2,102.0
Bachupally,1000.0,carpet area,2,45.0
Yapral,825.0,carpet area,2,50.0
Adibatla,793.0,super area,2,45.0
Manikonda,1600.0,super area,4,85.0
Kondapur,1050.0,super area,2,72.0
,1215.0,carpet area,2,80.0
Ghatkesar,1440.0,carpet area,2,65.0
Chenna Reddy Nagar,540.0,carpet area,1,65.0
,700.0,carpet area,2,15.0
Nagaram,1215.0,carpet area,2,63.0
Nizampet,850.0,carpet area,2,35.0
Dundigal,970.0,super area,2,27.0
,1300.0,super area,2,38.0
Langar Houz,900.0,super area,4,110.00000000000001
Moosapet,1050.0,carpet area,2,58.3
Boduppal,1350.0,super area,2,85.0
NH  9,850.0,super area,2,29.5
Peeramcheru,1030.0,super area,2,65.0
,650.0,carpet area,1,35.0
Dilsukh Nagar,1150.0,super area,2,40.0
,850.0,carpet area,2,54.0
Apurupa Township,2200.0,super area,3,100.0
Ghatkesar,1100.0,carpet area,2,52.0
Chengicherla,2700.0,super area,4,130.0
Nagarjuna Nagar colony,2296.0,super area,3,124.0
,1600.0,super area,3,75.0
Madhura Nagar,850.0,carpet area,2,37.0
Machabollaram,230.0,carpet area,1,95.0
Chintal,1080.0,super area,10,60.0
,1450.0,carpet area,3,65.0
Beeramguda,1350.0,super area,3,88.0
Hanuman Nagar-Meerpet,875.0,carpet area,2,43.0
Shadnagar,2500.0,carpet area,4,100.0
Shameerpet,1250.0,carpet area,3,30.0
,1150.0,carpet area,2,78.0
Santosh Nagar,820.0,super area,2,42.0
Boduppal,2500.0,carpet area,3,135.0
,1230.0,super area,2,54.0
Kokapet,900.0,carpet area,2,95.0
Moula Ali,1365.0,super area,3,63.0
,1174.0,super area,2,40.0
Beeramguda,1050.0,carpet area,2,100.0
,1625.0,super area,3,70.0
Munganoor,1800.0,super area,3,105.0
Manikonda,1100.0,carpet area,2,48.0
Keesara,1300.0,super area,2,45.0
Nizampet,1042.0,carpet area,2,38.0
,1480.0,super area,2,65.0
,1440.0,super area,2,55.0
Kavadiguda,1050.0,super area,2,70.0
Mansoorabad,1282.0,super area,2,76.0
Bandlaguda Jagir,2000.0,super area,3,100.0
Munganoor,1341.0,super area,4,80.0
Amberpet,450.0,super area,1,40.0
,900.0,carpet area,2,85.0
Shapur Nagar,1620.0,super area,3,80.0
,1085.0,super area,2,58.0
Kukatpally,1056.0,super area,2,50.0
Nawab Saheb Kunta,3090.0,super area,9,70.0
Gayatri Nagar-Godavari Homes,1402.0,super area,3,68.0
Isnapur,1350.0,carpet area,6,100.0
,1000.0,super area,2,65.0
,1030.0,carpet area,2,46.5
Kollur,819.0,carpet area,2,37.4
Nizampet,1600.0,super area,3,65.0
Toli Chowki,1800.0,super area,3,80.0
Nagaram,2950.0,carpet area,2,109.00000000000001
,1197.0,super area,4,95.0
,1350.0,super area,4,120.0
Nadargul,1350.0,super area,2,55.0
,750.0,super area,2,28.0
Gajularamaram,953.0,super area,2,48.0
Pedda Amberpet,1312.0,super area,2,38.0
Manneguda,2400.0,super area,4,80.0
Kompally,1250.0,super area,2,50.0
Aziz Bagh Colony,1300.0,carpet area,3,65.0
,1050.0,super area,2,74.0
Pragathi Nagar,1120.0,carpet area,2,63.4
Balapur,850.0,super area,2,23.0
Chengicherla,2000.0,super area,3,120.0
King Koti,1010.0,super area,2,46.0
Pragathi Nagar,1535.0,super area,3,52.0
Bachupally,1524.0,super area,3,70.8
,1300.0,carpet area,4,82.0
Mallampet,1050.0,super area,2,35.0
,810.0,super area,2,25.0
Nizampet,1176.0,super area,2,55.0
Pedda Amberpet,2200.0,super area,3,130.0
Almasguda,1100.0,super area,2,56.0
Silpa Park,1364.0,super area,2,95.0
,100.0,carpet area,2,50.0
Gopanapalli,1575.0,super area,3,67.0
Manikonda,1200.0,super area,2,65.0
Gachibowli,960.0,super area,2,77.0
Bachupally,1030.0,carpet area,2,42.0
Upparpally,1490.0,super area,3,74.5
Kukatpally,1440.0,super area,2,130.0
Aminpur,1250.0,super area,2,105.0
Bandlaguda Jagir,1180.0,super area,2,65.0
,1050.0,carpet area,2,51.0
,2230.0,super area,3,145.0
Dammaiguda,1250.0,super area,2,26.0
Kondapur,1775.0,super area,3,125.0
Madhapur,1245.0,super area,2,72.0
Hitech City,1500.0,super area,3,130.0
Saket,4200.0,carpet area,5,148.0
,1760.0,super area,3,80.0
,1050.0,super area,2,49.0
,1400.0,carpet area,3,48.0
Malkajgiri,1200.0,super area,2,140.0
Ram nagar,446.0,super area,1,45.0
Chaitanyapuri,800.0,carpet area,2,40.0
Lalaguda,1800.0,super area,3,85.0
HMT Swarnapuri Colony,1225.0,super area,2,55.0
Himayath Nagar,1000.0,super area,2,73.9
Ghatkesar,1200.0,super area,3,42.0
Kondapur,1908.0,super area,3,130.0
Nizampet,1050.0,super area,2,48.4
Kompally,1300.0,carpet area,3,74.3
Beeramguda,1050.0,carpet area,2,50.0
Chanda Naik Nagar,750.0,super area,2,38.0
Medipally,119.0,super area,3,119.0
Miyapur,1020.0,carpet area,2,55.0
Toli Chowki,1490.0,super area,3,58.0
Ramachandra Puram,1260.0,super area,2,120.0
Rakshapuram Colony,900.0,super area,1,98.0
Isnapur,960.0,super area,2,37.0
Malkajgiri,900.0,super area,2,55.0
Chaitanyapuri,1000.0,carpet area,2,40.0
,950.0,super area,2,37.0
,1416.0,super area,3,56.0
Kondapur,1600.0,super area,4,96.0
Bachupally,1000.0,super area,2,44.4
Uppal,1197.0,super area,2,90.0
Khairatabad,630.0,super area,1,27.0
Begum Bazar,80.0,super area,5,9.9
Dammaiguda,999.0,super area,2,55.0
Kondapur,1623.0,super area,3,135.0
,2070.0,carpet area,5,120.0
,400.0,carpet area,1,22.0
Bandari Layout,1100.0,carpet area,2,49.0
,1059.0,super area,3,60.0
Tatianaram,1395.0,super area,2,80.0
,2008.0,carpet area,3,78.0
